Rank,Name,Pos,Team,Region,Seed,Games,Points,Rebs,Asts,Stls,Turns,Blocks,Per Gm Prj,Prj Scr,ADP,Sal
1,Zach Edey,C,PURD,East,1,33,22.3,12.82,1.55,0.24,2.27,2.09,22.3,111.52,1.8,0
2,Jalen Wilson,F,KANS,West,1,34,20.09,8.41,2.29,1,2.38,0.5,20.09,100.44,2.6,0
3,Brandon Miller,F,ALA,South,1,34,19.65,8.29,2.06,0.94,2.09,0.85,19.65,98.24,2.43,0
4,Azuolas Tubelis,F,ARIZ,South,2,34,19.76,9.26,2.03,1.06,2.29,0.68,19.76,79.06,4.82,0
5,Marcus Sasser,G,HOU,Midwest,1,33,17.06,2.85,3.18,1.7,1.64,0.18,14.5,72.51,8.94,0
6,Gradey Dick,G,KANS,West,1,34,14.15,4.91,1.59,1.44,1.26,0.26,14.15,70.74,8.73,0
7,Jaime Jaquez,G,UCLA,West,2,34,17.32,8.15,2.32,1.44,1.85,0.62,17.32,69.29,6.81,0
8,Marcus Carr,G,TX,Midwest,2,34,15.88,3.03,4.06,1.76,1.47,0.03,15.88,63.53,11.89,0
9,Mark Sears,G,ALA,South,1,34,12.53,3.38,2.59,1.18,1.97,0.09,12.53,62.65,15.08,0
10,Drew Timme,F,GONZ,West,3,33,20.88,7.33,3.18,0.7,2.58,0.91,20.88,62.64,9,0
11,Trayce Jackson-Davis,F,IND,Midwest,4,30,20.77,10.9,4.1,0.87,2.6,2.73,20.77,62.3,9.64,0
12,Kam Jones,G,MARQ,East,2,34,14.97,3.53,2.03,1.41,1,0.15,14.97,59.88,18.59,0
13,Oumar Ballo,C,ARIZ,South,2,34,14.21,8.53,1.62,0.74,1.88,1.32,14.21,56.82,14.39,0
14,Jarace Walker,F,HOU,Midwest,1,33,11.06,6.61,1.73,1.03,1.48,1.03,11.06,55.3,15.74,0
15,Fletcher Loyer,G,PURD,East,1,34,10.91,1.71,2.47,0.59,1.18,0.06,10.91,54.56,31.07,0
16,Tyger Campbell,G,UCLA,West,2,34,13.62,2.59,4.71,1.21,1.62,0,13.62,54.47,21.11,0
17,Kevin McCullar,G,KANS,West,1,32,10.66,7.06,2.31,2.03,2.09,0.69,10.66,53.28,20.16,0
18,Tyler Kolek,G,MARQ,East,2,34,13.26,4.18,7.68,1.82,2.38,0.15,13.26,53.06,16.2,0
19,Keyontae Johnson,F,KSU,East,3,32,17.66,7.03,2.19,1.13,3.06,0.19,17.66,52.97,23,0
20,KJ Adams,F,KANS,West,1,34,10.38,4.38,1.97,0.74,1.62,0.79,10.38,51.91,30.08,0
21,J'wan Roberts,F,HOU,Midwest,1,34,10.35,7.76,1.09,0.76,1,1.26,10.35,51.76,20.83,0
22,Jamal Shead,G,HOU,Midwest,1,34,10.32,3.03,5.41,1.79,1.94,0.18,10.32,51.62,23.01,0
23,Noah Clowney,F,ALA,South,1,33,10.12,8,0.88,0.55,1.3,1.03,10.12,50.61,20.98,0
24,Markquis Nowell,G,KSU,East,3,32,16.84,3.5,7.59,2.38,3.63,0.06,16.84,50.53,27.1,0
25,Adama Sanogo,F,CONN,West,4,33,16.76,7.27,1.27,0.82,1.94,0.73,16.76,50.27,22.58,0
26,Sir'Jabari Rice,G,TX,Midwest,2,34,12.56,3.62,2.06,0.85,1.56,0.38,12.56,50.24,28.31,0
27,Olivier-Maxence Prosper,F,MARQ,East,2,34,12.44,4.65,0.71,0.94,1.47,0.15,12.44,49.76,36.44,0
28,Souley Boum,G,XAV,Midwest,3,34,16.53,4.29,4.38,1.03,1.91,0.12,16.53,49.59,30.78,0
29,Braden Smith,G,PURD,East,1,34,9.79,4.24,4.32,1.21,1.82,0.18,9.79,48.97,34.16,0
30,Tramon Mark,G,HOU,Midwest,1,34,9.74,4.74,1.91,1.06,1.18,0.44,9.74,48.68,37.81,0
31,Jordan Hawkins,G,CONN,West,4,31,16.13,3.9,1.35,0.77,1.39,0.55,16.13,48.39,32.81,0
32,Keyonte George,G,BAY,South,3,31,15.81,4.23,2.81,1.1,3,0.16,15.81,47.42,34.64,0
33,Adam Flagler,G,BAY,South,3,30,15.53,2.5,4.73,1.27,1.73,0.07,15.53,46.6,36.3,0
34,Colby Jones,G,XAV,Midwest,3,33,15.24,5.42,4.27,1.39,2.33,0.52,15.24,45.73,36.24,0
35,Oso Ighodaro,F,MARQ,East,2,34,11.41,5.94,3.24,0.94,1.65,1.56,11.41,45.65,35.31,0
36,Julian Strawther,G,GONZ,West,3,33,15.12,5.94,1.3,0.91,1.48,0.42,15.12,45.36,29.1,0
37,Dajuan Harris,G,KANS,West,1,34,8.74,2.44,6.24,2.12,1.94,0.44,8.74,43.68,36.01,0
38,LJ Cryer,G,BAY,South,3,29,14.48,2.14,2.1,0.52,1.62,0.03,14.48,43.45,46.38,0
39,Courtney Ramey,G,ARIZ,South,2,31,10.61,3.84,3.55,1.1,1.65,0.06,10.61,42.45,40.85,0
40,Jack Nunge,F,XAV,Midwest,3,34,14.15,7.76,2.06,0.88,1.32,1.15,14.15,42.44,42.04,0
41,Amari Bailey,G,UCLA,West,2,27,10.56,3.74,1.96,1.07,2.41,0.33,10.56,42.22,44.89,0
42,Tyrese Hunter,G,TX,Midwest,2,34,10.24,2.91,2.5,0.85,1.82,0.12,10.24,40.94,47.37,0
43,Pelle Larsson,G,ARIZ,South,2,34,10.18,4.29,3.09,0.82,1.76,0.24,10.18,40.71,48.07,0
44,Jahvon Quinerly,G,ALA,South,1,32,8.13,1.91,3.75,0.66,2.13,0,8.13,40.63,44.99,0
45,Jalen Hood-Schifino,G,IND,Midwest,4,30,13.5,4.1,3.7,0.83,2.8,0.23,13.5,40.5,47.04,0
46,Kerr Kriisa,G,ARIZ,South,2,34,10.12,2.41,5.24,0.59,2.56,0.03,10.12,40.47,51.75,0
47,Santiago Vescovi,G,TENN,East,4,30,12.93,4.63,2.97,1.83,1.53,0.07,12.93,38.8,54.13,0
48,Armaan Franklin,G,UVA,South,4,32,12.53,4.16,1.44,0.94,0.97,0.38,12.53,37.59,54.14,0
49,David Joplin,F,MARQ,East,2,34,9.32,3.32,0.76,0.65,1.29,0.32,9.32,37.29,67.7,0
50,David Singleton,G,UCLA,West,2,34,9.12,2.68,1.06,1.12,0.5,0.18,9.12,36.47,66.03,0
51,Jayden Gardner,F,UVA,South,4,32,12.13,5.78,0.69,0.91,0.97,0.47,12.13,36.38,59.54,0
52,Jaden Bradley,G,ALA,South,1,34,6.85,2.74,3.15,0.53,1.88,0.09,6.85,34.26,65.46,0
53,Anton Watson,F,GONZ,West,3,33,11.33,5.82,2.36,1.85,1.09,0.64,11.33,34,47.17,0
54,Mason Gillis,F,PURD,East,1,31,6.71,3.71,1.23,0.48,0.97,0.06,6.71,33.55,68.88,0
55,Kendric Davis,G,MEMP,East,8,33,22.06,3.73,5.58,2,3.12,0.18,22.06,33.09,38.32,0
56,Cedric Henderson,G,ARIZ,South,2,34,8.26,3.47,1.12,0.76,1.26,0.44,8.26,33.06,75.91,0
57,Dylan Disu,F,TX,Midwest,2,33,8.27,4.15,1.06,0.64,1.24,1.36,8.27,33.09,63.72,0
58,Kihei Clark,G,UVA,South,4,32,10.91,2.63,5.44,1.06,1.97,0.13,10.91,32.72,71.46,0
59,Olivier Nkamhoua,F,TENN,East,4,33,10.58,5.03,2,0.45,1.73,0.64,10.58,31.73,77.39,0
60,Adam Kunkel,G,XAV,Midwest,3,32,10.5,2.72,2.97,1.03,1.72,0.16,10.5,31.5,79.82,0
61,Rasir Bolton,G,GONZ,West,3,33,10.39,1.94,2.61,0.82,1.09,0.12,10.39,31.18,69.79,0
62,Rylan Griffen,G,ALA,South,1,34,6.18,2.62,0.74,0.62,0.82,0.12,6.18,30.88,92.42,0
63,Jalen Bridges,F,BAY,South,3,32,10.28,5.75,1.06,0.88,1.03,1.03,10.28,30.84,68.94,0
64,Brandon Newman,G,PURD,East,1,34,6.12,3.12,1.06,0.53,1,0.32,6.12,30.59,90.59,0
65,Josiah-Jordan James,G,TENN,East,4,21,10.19,4.67,1.67,1.1,1.1,0.1,10.19,30.57,87.08,0
66,Tristen Newton,G,CONN,West,4,33,10.15,4.24,4.61,1.18,2.3,0.27,10.15,30.45,71.73,0
67,Kris Murray,F,IOWA,Midwest,8,28,20.39,7.89,2.04,1,1.54,1.18,20.39,30.59,49.83,0
68,Nae'Qwan Tomlin,F,KSU,East,3,32,10.16,5.97,1.22,1.16,1.28,0.84,10.16,30.47,74.23,0
69,Adem Bona,F,UCLA,West,2,33,7.55,5.24,0.73,0.58,1.27,1.67,7.55,30.18,69.48,0
70,Charles Bediako,C,ALA,South,1,34,6.15,5.79,0.68,0.62,0.79,1.79,6.15,30.74,67.45,0
71,Mike Miles,G,TCU,West,6,25,17.28,2.76,2.6,1.2,2.76,0.2,17.28,29.38,59.1,0
72,Alex Karaban,F,CONN,West,4,33,9.67,4.33,1.79,0.55,1.12,0.67,9.67,29,90,0
73,Max Abmas,G,ORAL,East,12,33,22.15,4.39,4,1.15,1.91,0.15,22.15,28.8,63.07,0
74,Nimari Burnett,G,ALA,South,1,24,5.71,2,0.79,0.33,1.08,0.13,5.71,28.54,110.57,0
75,Emanuel Sharp,G,HOU,Midwest,1,30,5.7,2.17,0.5,0.3,0.87,0.07,5.7,28.5,113.03,0
76,Reece Beekman,G,UVA,South,4,31,9.35,2.97,5.26,1.77,1.52,0.48,9.35,28.06,86.58,0
77,Stevie Mitchell,G,MARQ,East,2,34,7,2.65,1.09,1.71,0.71,0.12,7,28,100.57,0
78,Oscar Tshiebwe,F,KY,East,6,30,16.47,13.13,1.57,1.57,1.9,1,16.47,27.99,36.32,0
79,Caleb Furst,F,PURD,East,1,34,5.59,4.68,0.74,0.38,0.53,0.35,5.59,27.94,89.08,0
80,Isaiah Wong,G,MIA,Midwest,5,32,16.16,4.25,3.44,1.41,2.03,0.44,16.16,27.47,58.57,0
81,Boo Buie,G,NW,West,7,32,17.13,3.34,4.53,1.16,2.47,0.16,17.13,27.4,78.19,0
82,Julian Phillips,F,TENN,East,4,29,9,5.03,1.52,0.62,1.31,0.59,9,27,112.88,0
83,DeAndre Williams,F,MEMP,East,8,34,17.82,8.03,2.88,1.47,2.35,0.97,17.82,26.74,60.34,0
84,Wade Taylor,G,TXAM,Midwest,7,34,16.53,2.74,4,1.76,2.65,0.06,16.53,26.45,70.56,0
85,Desi Sills,G,KSU,East,3,31,8.71,3.58,2.39,0.94,1.74,0.39,8.71,26.13,112.5,0
86,Malachi Smith,G,GONZ,West,3,33,8.67,3.61,1.45,1,0.7,0.03,8.67,26,96.78,0
87,Jordan Miller,G,MIA,Midwest,5,32,15.28,6.19,2.72,1.34,1.34,0.28,15.28,25.98,72.86,0
88,Terrence Shannon,G,ILL,West,9,30,17.13,4.73,2.9,1.27,2.6,0.5,17.13,25.7,87.3,0
89,Kobe Brown,G,MIZZ,South,7,32,15.84,6.28,2.5,1.5,1.66,0.44,15.84,25.35,88.12,0
90,Nolan Hickman,G,GONZ,West,3,33,8.42,2.55,3.21,1.03,1.36,0.33,8.42,25.27,105.46,0
91,Boogie Ellis,G,USC,East,10,32,18.03,3.66,3.03,1.41,1.84,0.22,18.03,25.24,77.21,0
92,Kyle Filipowski,C,DUKE,East,5,34,15.41,8.97,1.56,1.24,2.5,0.76,15.41,26.2,27.14,0
93,Ryan Kalkbrenner,C,CREI,South,6,30,15.37,6.1,1.23,0.7,1.5,2.17,15.37,26.12,62.68,0
94,Tyreke Key,G,TENN,East,4,30,8.37,2.57,1.43,0.67,1.1,0.03,8.37,25.1,127.54,0
95,Jalen Pickett,G,PSU,Midwest,10,35,17.86,7.34,6.69,0.97,2.2,0.51,17.86,25,60.21,0
96,Logan Johnson,G,SMC,West,5,33,14.7,4.79,3.67,1.55,1.85,0.36,14.7,24.98,84.27,0
97,Christian Bishop,F,TX,Midwest,2,34,6.26,3.59,0.88,0.85,1.03,0.62,6.26,25.06,112.96,0
98,Tucker DeVries,G,DRAKE,Midwest,12,33,19.03,5.61,1.76,1.06,1.55,0.21,19.03,24.74,81.74,0
99,Aidan Mahaney,G,SMC,West,5,33,14.48,2.27,2.03,0.91,1.55,0.06,14.48,24.62,97.83,0
100,Antonio Reeves,G,KY,East,6,32,14.41,2.06,1.09,0.41,1.44,0.19,14.41,24.49,82.44,0
101,Noah Gurley,F,ALA,South,1,31,4.87,3.16,0.58,0.35,0.94,0.45,4.87,24.35,127.17,0
102,Jahmir Young,G,MD,South,8,33,16.09,4.73,3.15,1.27,2.09,0.39,16.09,24.14,100.05,0
103,Ricky Council,G,ARK,West,8,33,15.91,3.36,2.27,1.18,2.12,0.24,15.91,23.86,101.85,0
104,D'Moi Hodge,G,MIZZ,South,7,33,14.82,3.79,1.64,2.61,0.76,0.52,14.82,23.71,105.85,0
105,Miller Kopp,F,IND,Midwest,4,33,7.91,2.48,1.21,0.67,0.58,0.15,7.91,23.73,130.12,0
106,Race Thompson,F,IND,Midwest,4,28,7.86,4.96,1.04,0.96,1.07,0.93,7.86,23.57,120.66,0
107,Tyson Walker,G,MSU,East,7,31,14.61,2.52,2.81,1.16,1.29,0.26,14.61,23.38,93.32,0
108,Erik Stevenson,G,WVA,South,9,33,15.55,3.45,2.52,1.03,2.27,0.15,15.55,23.32,114.57,0
109,Trey Kaufman-Renn,F,PURD,East,1,34,4.65,1.88,0.76,0.38,0.76,0.15,4.65,23.24,149.39,0
110,Trey Alexander,G,CREI,South,6,33,13.61,4.15,2.58,1.06,1.42,0.48,13.61,23.13,89.78,0
111,Norchad Omier,F,MIA,Midwest,5,32,13.63,9.72,1.25,1,2,1.31,13.63,23.16,83.19,0
112,Steven Ashworth,G,UTAH-ST,South,10,34,16.32,3.24,4.53,1.18,1.71,0.03,16.32,22.85,106.72,0
113,Terquavion Smith,G,NCST,South,11,33,17.52,3.61,4.21,1.45,2.21,0.36,17.52,22.77,98.91,0
114,Jaren Holmes,G,ISU,Midwest,6,32,13.38,3.72,3.28,1.09,2.25,0.09,13.38,22.74,114.75,0
115,Joey Hauser,F,MSU,East,7,31,14.23,6.94,1.94,0.39,1.55,0.23,14.23,22.76,101.46,0
116,Ja'Vier Francis,F,HOU,Midwest,1,33,4.55,3.7,0.18,0.36,0.3,1.18,4.55,22.73,126.2,0
117,Jeremy Roach,G,DUKE,East,5,30,13.3,2.53,3.13,0.9,2.17,0,13.3,22.61,55.55,0
118,Jarod Lucas,G,NEV,West,11,32,17.28,2.69,1.41,0.38,1.09,0,17.28,22.47,103.37,0
119,Nijel Pack,G,MIA,Midwest,5,30,13.17,2.7,2.47,0.97,1.77,0.2,13.17,22.38,109.92,0
120,Jarkel Joiner,G,NCST,South,11,33,17.12,4.76,3.67,1.33,1.48,0.09,17.12,22.26,106.45,0
121,Chase Audige,G,NW,West,7,32,13.81,3.38,2.78,2.38,2.34,0.66,13.81,22.1,129.89,0
122,Matt Bradley,G,SDSU,South,5,33,12.94,3.79,2.09,0.7,1.42,0.24,12.94,22,107.85,0
123,Gabe Kalscheur,G,ISU,Midwest,6,32,12.94,2.47,1.56,1.44,1.78,0.19,12.94,21.99,116.89,0
124,Jerome Hunter,F,XAV,Midwest,3,34,7.26,4.32,1.29,0.38,1,0.44,7.26,21.79,144.47,0
125,Baylor Scheierman,G,CREI,South,6,33,12.76,8.36,3.24,1.12,2.15,0.24,12.76,21.69,91.1,0
126,Damion Baugh,G,TCU,West,6,27,12.56,4.52,5.81,1.85,2.85,0.26,12.56,21.34,104.73,0
127,Alex Ducas,G,SMC,West,5,33,12.52,4.24,0.94,0.85,1.09,0.39,12.52,21.28,128.21,0
128,Jacob Toppin,F,KY,East,6,31,12.55,6.9,2.23,0.52,1.48,0.48,12.55,21.33,95.08,0
129,Tyrece Radford,G,TXAM,Midwest,7,34,13.24,5.41,2.41,0.88,1.79,0.26,13.24,21.18,116.86,0
130,Drew Pember,F,UNC-ASH,West,15,34,21.18,9.35,2.32,0.85,3.32,2.29,21.18,21.18,100.07,0
131,Emanuel Miller,F,TCU,West,6,30,12.43,6.57,1.77,0.9,1.77,0.87,12.43,21.14,119.74,0
132,Timmy Allen,F,TX,Midwest,2,31,10.55,5.52,3.52,0.9,2.1,0.48,5.27,21.1,94.36,0
133,Filip Rebraca,F,IOWA,Midwest,8,32,14.06,7.56,2.06,0.53,1.66,0.97,14.06,21.09,116.75,0
134,Nick Smith,G,ARK,West,8,14,14,1.79,2,0.93,1.71,0.14,14,21,105.73,0
135,Johni Broome,F,AUB,Midwest,9,31,14,8.35,1.35,0.94,1.74,2.32,14,21,102.86,0
136,Bryce Hopkins,F,PROV,East,11,32,16.06,8.47,2.31,0.84,2.25,0.63,16.06,20.88,100.95,0
137,Wendell Green,G,AUB,Midwest,9,32,13.84,3.31,4.16,1.72,2.72,0.03,13.84,20.77,132.68,0
138,Donovan Clingan,C,CONN,West,4,33,7.09,5.73,0.42,0.42,1.06,1.79,7.09,21.27,138.94,0
139,Tolu Smith,F,MISS-ST,Midwest,11,33,15.82,8.52,1.73,0.67,2.33,0.67,15.82,20.56,102.49,0
140,Jamarius Burton,G,PITT,Midwest,11,31,15.65,4.81,4.42,0.94,2.52,0.13,15.65,20.34,114.64,0
141,Trey Galloway,G,IND,Midwest,4,30,6.77,2.97,2,0.57,0.67,0.07,6.77,20.3,161.06,0
142,Blake Hinson,G,PITT,Midwest,11,33,15.61,6.18,1.24,0.64,1.79,0.52,15.61,20.29,126.24,0
143,Johnell Davis,G,FLA-ATL,East,9,32,13.5,5.22,1.47,1.5,1.75,0.13,13.5,20.25,141.15,0
144,Ryan Nembhard,G,CREI,South,6,33,11.91,4.06,4.91,0.67,2.09,0.09,11.91,20.25,110.41,0
145,Arthur Kaluma,F,CREI,South,6,33,11.91,5.91,1.61,0.58,2,0.55,11.91,20.25,134.08,0
146,Seth Lundy,G,PSU,Midwest,10,34,14.38,6.32,0.91,0.74,0.91,0.62,14.38,20.14,120,0
147,A.J. Hoggard,G,MSU,East,7,31,12.52,3.77,6,0.9,2.48,0.29,12.52,20.03,129.54,0
148,Tyson Degenhart,F,BSU,West,10,33,14.33,5.36,1.76,0.48,1.27,0.36,14.33,20.07,146.85,0
149,Andre Jackson,G,CONN,West,4,30,6.67,6.33,4.27,1.03,2.03,0.6,6.67,20,102.2,0
150,David Jenkins,G,PURD,East,1,33,4,1.3,0.79,0.18,0.79,0,4,20,182.91,0
151,Arterio Morris,G,TX,Midwest,2,34,4.97,1.5,0.53,0.65,0.65,0.21,4.97,19.88,175,0
152,Joseph Yesufu,G,KANS,West,1,33,3.97,1.18,0.39,0.45,0.55,0,3.97,19.85,166.71,0
153,Terrance Arceneaux,G,HOU,Midwest,1,31,3.97,2.58,0.61,0.68,0.61,0.16,3.97,19.84,165.13,0
154,Alijah Martin,G,FLA-ATL,East,9,31,13.16,5.39,1.52,1.06,1.61,0.23,13.16,19.74,153,0
155,Isaac McKneely,G,UVA,South,4,32,6.56,2.22,0.72,0.38,0.66,0.13,6.56,19.69,205.22,0
156,Cason Wallace,G,KY,East,6,30,11.57,3.53,4.23,1.97,2.03,0.5,11.57,19.66,120.53,0
157,Drew Peterson,G,USC,East,10,32,13.97,6.22,4.41,1.09,2.75,0.78,13.97,19.56,132.22,0
158,Max Rice,G,BSU,West,10,33,13.91,4.58,1.73,1,1.64,0.06,13.91,19.47,168.42,0
159,Tamar Bates,G,IND,Midwest,4,33,6.48,1.52,1.15,0.42,0.73,0.06,6.48,19.45,208,0
160,Ethan Morton,G,PURD,East,1,34,3.88,2.97,2.47,0.82,0.97,0.47,3.88,19.41,130.29,0
161,Jordan Brown,F,LA,East,13,32,19.41,8.66,1.81,0.66,2.88,1.22,19.41,19.41,105.03,0
162,Chase Ross,G,MARQ,East,2,34,4.82,1.76,0.79,1.12,0.56,0.15,4.82,19.29,181.73,0
163,Anthony Black,G,ARK,West,8,33,12.85,5.09,4.15,1.97,3.15,0.61,12.85,19.27,134.64,0
164,Matthew Mayer,G,ILL,West,9,32,12.84,5.47,1.16,0.81,1.34,1.25,12.84,19.27,144.81,0
165,Mitchell Saxen,C,SMC,West,5,33,11.64,7.79,1.7,0.76,1.88,1.12,11.64,19.78,141.26,0
166,Cam Carter,G,KSU,East,3,32,6.41,2.97,1.53,0.88,1.66,0.28,6.41,19.22,175.46,0
167,David N'Guessan,F,KSU,East,3,25,6.4,3.76,0.84,0.52,0.96,0.52,6.4,19.2,193.13,0
168,Malik Reneau,F,IND,Midwest,4,33,6.39,3.88,0.79,0.48,1.45,0.24,6.39,19.18,226.14,0
169,Brock Cunningham,F,TX,Midwest,2,34,4.79,3.38,1.35,0.85,0.62,0.21,4.79,19.18,161,0
170,Marques Warrick,G,NKU,Midwest,16,34,19.12,2.41,2.68,1.29,2.21,0.26,19.12,19.12,148.18,0
171,Marcus Shaver,G,BSU,West,10,28,13.46,6.07,3.79,1.61,2.21,0.29,13.46,18.85,165.15,0
172,Kenan Blackshear,G,NEV,West,11,32,14.41,4.13,4.56,1.53,3.06,0.28,14.41,18.73,134.68,0
173,Tony Perkins,G,IOWA,Midwest,8,31,12.48,4.1,2.81,1.45,1.74,0.42,12.48,18.73,153.13,0
174,Dillon Mitchell,F,TX,Midwest,2,34,4.68,4.21,0.41,0.62,0.59,0.32,4.68,18.71,172.67,0
175,Taylor Funk,F,UTAH-ST,South,10,33,13.33,5.48,1.7,0.82,1.3,0.7,13.33,18.67,151.13,0
176,Kylan Boswell,G,ARIZ,South,2,34,4.59,1.59,1.68,0.76,0.82,0,4.59,18.35,167.73,0
177,Phillip Russell,G,SE-MO,South,16,33,18.18,2.91,4.97,1.48,2.88,0.09,18.18,18.18,131.15,0
178,Mike Bothwell,G,FUR,South,13,34,17.97,3.5,3,0.94,1.65,0.15,17.97,17.97,117.31,0
179,Kadin Shedrick,F,UVA,South,4,29,5.93,3.52,0.62,0.83,0.69,1.34,5.93,17.79,183.29,0
180,Desmond Cambridge,G,ASU,West,11,32,13.66,3.53,2.22,1.78,1.47,0.5,13.66,17.75,133.82,0
181,Rayshon Harrison,G,GCU,West,14,35,17.71,4.03,3.6,0.63,2.46,0.2,17.71,17.71,175.25,0
182,Sincere Carry,G,KENT-ST,Midwest,13,34,17.59,3.68,4.85,1.71,2.59,0.21,17.59,17.59,107.8,0
183,Tre Mitchell,F,WVA,South,9,33,11.64,5.48,1.82,0.79,2.09,0.61,11.64,17.45,178.7,0
184,RaeQuan Battle,G,MTST,East,14,34,17.41,2.88,0.97,0.82,1.53,0.53,17.41,17.41,154.64,0
185,Donta Scott,F,MD,South,8,33,11.52,5.94,1.64,0.64,1.33,0.79,11.52,17.27,178.75,0
186,Hakim Hart,G,MD,South,8,33,11.52,4.21,2.55,1.09,1.27,0.18,11.52,17.27,177.1,0
187,Will Baker,C,NEV,West,11,31,13.52,5.13,0.84,0.58,1.94,0.29,13.52,17.57,195,0
188,Joey Calcaterra,G,CONN,West,4,32,5.75,1.78,1.31,0.56,0.88,0.06,5.75,17.25,210.71,0
189,Ed Croswell,F,PROV,East,11,32,13.19,7.56,0.72,1.16,1.47,0.94,13.19,17.14,153.21,0
190,Jonathan Tchamwa Tchatchoua,F,BAY,South,3,10,5.7,4.7,0.5,0.4,1,0.4,5.7,17.1,190.91,0
191,DeAndre Gholston,G,MIZZ,South,7,33,10.67,2.33,1.79,0.73,1.67,0.09,10.67,17.07,197.22,0
192,Devin Carter,G,PROV,East,11,32,13.13,4.94,2.44,1.78,1.66,1.06,13.13,17.06,173.2,0
193,Andrew Funk,G,PSU,Midwest,10,35,12.11,2.94,1.09,0.54,0.89,0.06,12.11,16.96,175.63,0
194,Max Shulga,G,UTAH-ST,South,10,34,12.06,4.41,4.06,0.76,2.24,0.29,12.06,16.88,188.2,0
195,Walter Clayton,G,IONA,West,13,31,16.87,4.26,3.19,1.9,1.77,0.55,16.87,16.87,138.21,0
196,Kedrian Johnson,G,WVA,South,9,32,11.22,2.28,3.16,1.81,2.28,0.06,11.22,16.83,190.75,0
197,Julian Reese,F,MD,South,8,32,11.19,7.28,0.97,0.81,1.91,1.19,11.19,16.78,169.73,0
198,Dan Akin,F,UTAH-ST,South,10,34,11.97,6.91,0.94,0.5,1.68,0.71,11.97,16.76,193.22,0
199,Connor Vanover,F,ORAL,East,12,33,12.88,7.24,0.82,0.67,1.03,3.24,12.88,16.74,142.27,0
200,Demetre Roberts,G,FDU,East,16,34,16.68,3.03,4.26,1.24,2.26,0.12,16.68,16.68,147.85,0
201,D.J. Burns,F,NCST,South,11,33,12.79,4.85,1.55,0.7,1.94,0.88,12.79,16.62,198.22,0
202,Jaylin Williams,F,AUB,Midwest,9,31,11.06,4.84,2.26,1.13,1.19,0.81,11.06,16.6,173.15,0
203,Adrian Baldwin,G,VCU,West,12,29,12.69,2.9,5.86,2.24,2.69,0.14,12.69,16.5,144.36,0
204,Ben Gregg,F,GONZ,West,3,32,5.47,3.06,0.75,0.5,0.66,0.59,5.47,16.41,202.25,0
205,Roman Penn,G,DRAKE,Midwest,12,33,12.64,4.58,5.42,0.91,1.94,0.18,12.64,16.43,136.64,0
206,Ajay Mitchell,G,UC-SB,South,14,34,16.41,2.74,5.15,1.38,2.26,0.29,16.41,16.41,160.18,0
207,Darrion Trammell,G,SDSU,South,5,32,9.5,2.16,3.34,1.34,1.63,0.13,9.5,16.15,183.8,0
208,Chibuzo Agbo,G,BSU,West,10,33,11.52,4.7,0.82,0.76,1.58,0.15,11.52,16.12,237,0
209,Caleb Grill,G,ISU,Midwest,6,25,9.48,3.96,1.4,1.24,1.52,0.04,9.48,16.12,225.43,0
210,Ismael Massoud,F,KSU,East,3,28,5.32,1.79,0.46,0.18,0.43,0.18,5.32,15.96,1000,0
211,Dalton Bolon,G,COFC,South,12,34,12.29,4.18,1.29,0.79,1.15,0.03,12.29,15.98,172.82,0
212,Davonte Davis,G,ARK,West,8,32,10.53,4.22,2.66,1.38,2,0.13,10.53,15.8,181,0
213,Vladislav Goldin,C,FLA-ATL,East,9,34,10.62,6.41,0.44,0.41,1.35,1.21,10.62,15.93,242.4,0
214,DJ Horne,G,ASU,West,11,33,12.12,3.36,2.39,1.15,1.42,0.12,12.12,15.76,167.25,0
215,Tyrese Proctor,G,DUKE,East,5,34,9.26,3.18,3.24,0.56,1.65,0.12,9.26,15.75,101.25,0
216,Jalen Slawson,F,FUR,South,13,34,15.71,7.15,3.24,1.59,2.53,1.56,15.71,15.71,134.62,0
217,Trevian Tennyson,G,AMCC,South,16,33,15.73,2.36,1.24,0.7,1.76,0.12,15.73,15.73,116.93,0
218,Emmitt Matthews,F,WVA,South,9,31,10.42,3.94,1.16,0.58,1.03,0.52,10.42,15.63,201.57,0
219,Daniss Jenkins,G,IONA,West,13,34,15.65,4.44,4.94,1.29,2.29,0.56,15.65,15.65,164.25,0
220,Mark Mitchell,F,DUKE,East,5,34,9.12,4.44,1.21,0.65,1.32,0.53,9.12,15.5,123.29,0
221,Issac McBride,G,ORAL,East,12,34,11.94,2.74,2.65,0.68,1.09,0,11.94,15.52,1000,0
222,Casey Morsell,G,NCST,South,11,33,11.88,4.3,0.94,1.12,0.67,0.67,11.88,15.44,216.29,0
223,Isiaih Mosley,G,MIZZ,South,7,14,9.64,2,2.5,1.14,2.43,0.43,9.64,15.43,1000,0
224,Jaden Akins,G,MSU,East,7,27,9.63,3.89,1.19,1.15,1.3,0.3,9.63,15.41,191.43,0
225,Brandon Johns,F,VCU,West,12,33,11.79,5.33,0.76,1.03,2.15,0.85,11.79,15.32,198.2,0
226,Chris Harris,G,SE-MO,South,16,34,15.35,4.74,1.94,0.97,2,0.15,15.35,15.35,171.33,0
227,Flo Thamba,F,BAY,South,3,32,5.09,4.78,0.63,0.44,1.44,0.38,5.09,15.28,1000,0
228,Sean Jones,G,MARQ,East,2,31,3.81,0.84,1.1,0.52,0.87,0,3.81,15.23,1000,0
229,Noah Carter,F,MIZZ,South,7,32,9.47,3.94,1.72,0.56,1.22,0.41,9.47,15.15,239.5,0
230,Ante Brzovic,F,COFC,South,12,34,11.62,5.88,0.94,0.71,1.32,0.53,11.62,15.1,210.71,0
231,Nelly Junior Joseph,F,IONA,West,13,34,15.06,9.44,1.15,1.24,1.91,1.53,15.06,15.06,144.12,0
232,Patrick McCaffery,F,IOWA,Midwest,8,26,10.04,3.54,1,0.85,1,0.35,10.04,15.06,208.5,0
233,Allen Flanigan,G,AUB,Midwest,9,32,10.06,4.69,1.38,0.84,1.84,0.25,10.06,15.09,229,0
234,Nick Pringle,F,ALA,South,1,33,3,2.73,0.21,0.24,0.45,0.45,3,15,175,0
235,Tosan Evbuomwan,F,PRIN,South,15,29,14.97,6.17,4.83,0.76,3.1,0.55,14.97,14.97,174,0
236,Tajion Jones,G,UNC-ASH,West,15,34,15,5.18,1.21,0.97,1.06,0.41,15,15,197,0
237,Payton Sandfort,G,IOWA,Midwest,8,32,9.97,4,1.41,0.59,0.69,0.22,9.97,14.95,196.5,0
238,Coleman Hawkins,F,ILL,West,9,32,9.88,6.34,3.03,1.03,2.34,1.19,9.88,14.81,218,0
239,Henry Coleman,F,TXAM,Midwest,7,34,9.24,5.71,0.94,0.88,1.56,0.12,9.24,14.78,192.8,0
240,Julius Marble,F,TXAM,Midwest,7,34,9.18,4.21,0.38,0.44,1.06,0.41,9.18,14.68,216.14,0
241,Malik Hall,F,MSU,East,7,20,9.15,4.15,1.2,0.35,1.4,0.35,9.15,14.64,198.4,0
242,Dexter Dennis,G,TXAM,Midwest,7,33,9.18,5.7,1.24,0.79,0.97,0.61,9.18,14.69,168.14,0
243,Chris Youngblood,G,KENN,Midwest,14,34,14.68,4.76,1.85,1.06,1.29,0.38,14.68,14.68,171.55,0
244,Uros Plavsic,F,TENN,East,4,31,4.87,3.42,0.74,0.42,0.81,0.32,4.87,14.61,1000,0
245,JaKobe Coles,F,TCU,West,6,33,8.58,3.88,1.15,0.64,0.67,0.64,8.58,14.58,209.17,0
246,Jayden Epps,G,ILL,West,9,30,9.73,1.87,1.53,0.63,1.3,0.2,9.73,14.6,1000,0
247,Dain Dainja,F,ILL,West,9,32,9.69,5.53,0.53,0.78,1.5,1.16,9.69,14.53,1000,0
248,Reggie Chaney,F,HOU,Midwest,1,32,2.91,2.69,0.38,0.72,0.56,0.38,2.91,14.53,183.83,0
249,Lamont Butler,G,SDSU,South,5,33,8.55,2.58,3.21,1.52,2,0.06,8.55,14.53,236.43,0
250,Jonas Aidoo,F,TENN,East,4,32,4.81,4.84,0.94,0.47,0.75,1.19,4.81,14.44,176.83,0
251,Sean Bairstow,G,UTAH-ST,South,10,34,10.35,5.15,2.62,0.44,1.41,0.21,10.35,14.49,1000,0
252,Isaac Mushila,F,AMCC,South,16,33,14.42,9.67,1.21,1.42,1.73,0.09,14.42,14.42,138.92,0
253,Noah Locke,G,PROV,East,11,32,11.09,2.34,0.94,0.44,0.94,0.03,11.09,14.42,1000,0
254,Osun Osunniyi,C,ISU,Midwest,6,32,8.47,4,1.06,0.41,1.25,1.06,8.47,14.4,1000,0
255,Nahiem Alleyne,G,CONN,West,4,33,4.79,1.18,0.82,0.45,0.67,0.06,4.79,14.36,1000,0
256,Nelly Cummings,G,PITT,Midwest,11,33,11.03,2.58,4.82,0.73,2.15,0.03,11.03,14.34,173,0
257,Grant Singleton,G,FDU,East,16,33,14.33,3.58,3.33,1.88,1.21,0.09,14.33,14.33,1000,0
258,Naje Smith,F,BSU,West,10,33,10.12,5.48,1.27,0.67,1.64,1.03,10.12,14.17,1000,0
259,Joe Toussaint,G,WVA,South,9,33,9.45,2.82,2.67,0.85,1.58,0.03,9.45,14.18,1000,0
260,Miles Norris,F,UC-SB,South,14,34,14.09,6.15,1.21,1.03,1.09,0.79,14.09,14.09,194.2,0
261,Desmond Claude,G,XAV,Midwest,3,32,4.72,2.53,1.84,0.88,1.38,0.13,4.72,14.16,1000,0
262,Reyne Smith,G,COFC,South,12,34,10.88,2.09,1.38,0.74,0.62,0.03,10.88,14.15,229.6,0
263,Wooga Poplar,G,MIA,Midwest,5,32,8.25,3.25,1.5,1.16,1.13,0.25,8.25,14.03,217.33,0
264,Dale Bonner,G,BAY,South,3,27,4.67,1.19,2.78,1.44,1.26,0.11,4.67,14,1000,0
265,Ansley Almonor,F,FDU,East,16,33,13.88,4.67,1.45,0.55,1.61,0.7,13.88,13.88,1000,0
266,Tucker Richardson,G,COLG,Midwest,15,34,13.88,5.21,5.76,2.09,2.44,0.29,13.88,13.88,194.33,0
267,Pat Robinson,G,COFC,South,12,34,10.65,3.18,1,0.82,0.91,0.09,10.65,13.84,1000,0
268,Dariq Whitehead,F,DUKE,East,5,26,8.08,2.35,1.04,0.77,1.38,0.15,8.08,13.73,148.44,0
269,Ryan Larson,G,COFC,South,12,34,10.59,3.26,4.09,1.59,2.03,0.12,10.59,13.76,1000,0
270,Davon Barnes,F,TXSO,East,16,32,13.63,4.38,1.94,0.84,2.34,0.19,13.63,13.63,180.17,0
271,Reese Dixon-Waters,G,USC,East,10,28,9.75,3.18,1.11,0.75,1.93,0.43,9.75,13.65,235.8,0
272,Jahmai Mashack,G,TENN,East,4,33,4.55,2.42,1.52,1.42,1.21,0.3,4.55,13.64,1000,0
273,Ty Berry,G,NW,West,7,32,8.5,4.72,1.16,1.44,0.84,0.16,8.5,13.6,1000,0
274,Nick Boyd,G,FLA-ATL,East,9,33,9.06,4.12,2.45,0.85,1.06,0.03,9.06,13.59,1000,0
275,Jaedon LeDee,F,SDSU,South,5,33,7.94,5.12,1,0.48,1,0.33,7.94,13.5,1000,0
276,Greg Elliott,G,PITT,Midwest,11,33,10.42,3.79,1.21,0.73,0.85,0.18,10.42,13.55,1000,0
277,Terrell Burden,G,KENN,Midwest,14,34,13.47,3.12,4.18,1.68,2.85,0.35,13.47,13.47,207.4,0
278,Dylan Penn,G,VERM,East,15,33,13.45,3.12,2.15,0.73,1.58,0.27,13.45,13.45,1000,0
279,Michael Forrest,G,FLA-ATL,East,9,32,8.94,2.44,1.75,0.66,1.13,0.09,8.94,13.41,1000,0
280,Hunter Sallis,G,GONZ,West,3,33,4.45,2.15,1.42,0.67,0.7,0.21,4.45,13.36,1000,0
281,Terrion Murdix,G,AMCC,South,16,31,13.35,4.32,5.42,2.29,2.19,0.19,13.35,13.35,1000,0
282,"Josh Ojianwuna	",F,BAY,South,3,27,4.41,3.52,0.26,0.37,0.63,0.37,4.41,13.22,1000,0
283,K.D. Johnson,G,AUB,Midwest,9,31,8.84,1.94,1.32,1.13,1.52,0.03,8.84,13.26,1000,0
284,Keshad Johnson,F,SDSU,South,5,33,7.73,5.12,0.61,0.48,0.85,0.48,7.73,13.14,1000,0
285,Greg Williams,G,LA,East,13,33,13.18,3.45,1.33,1.12,1,0.52,13.18,13.18,205.33,0
286,Jordan Geronimo,F,IND,Midwest,4,26,4.35,2.5,0.31,0.5,0.65,0.88,4.35,13.04,1000,0
287,Keegan Records,F,COLG,Midwest,15,34,13,6,1.35,0.56,1,1.24,13,13,1000,0
288,Jalen DeLoach,F,VCU,West,12,33,10,7.03,1.06,1.09,1.88,1.39,10,13,1000,0
289,Jubrile Belo,F,MTST,East,14,34,13,6.09,0.97,0.68,2.32,0.97,13,13,1000,0
290,Jared Bynum,G,PROV,East,11,28,10,2.46,4.29,0.86,1.68,0.14,10,13,1000,0
291,Micah Parrish,G,SDSU,South,5,33,7.64,3.36,0.67,0.79,1.03,0.3,7.64,12.98,1000,0
292,Malique Jacobs,G,KENT-ST,Midwest,13,33,12.97,5.21,3.61,2.7,2.73,0.85,12.97,12.97,184.22,0
293,Elijah Hawkins,G,HOW,West,16,30,12.97,3.7,5.9,1.7,3.93,0,12.97,12.97,1000,0
294,Gabe McGlothan,F,GCU,West,14,35,12.83,7.74,0.89,0.6,1.71,0.63,12.83,12.83,1000,0
295,Chuck O'Bannon,F,TCU,West,6,33,7.55,3.36,1,0.85,0.64,0.97,7.55,12.83,1000,0
296,Dylan Andrews,G,UCLA,West,2,33,3.21,1.03,1,0.3,0.52,0.03,3.21,12.85,1000,0
297,Nick Honor,G,MIZZ,South,7,33,8.03,1.64,2.94,1.48,0.94,0,8.03,12.85,1000,0
298,Frankie Collins,G,ASU,West,11,33,9.88,4.21,4.42,1.36,2.18,0.24,9.88,12.84,242.67,0
299,Aljaz Kunc,F,ISU,Midwest,6,22,7.45,4.18,1.36,1,0.91,0.27,7.45,12.67,1000,0
300,Tre White,G,USC,East,10,32,9.13,5.13,1.06,0.47,1.19,0.25,9.13,12.78,1000,0
301,Devan Cambridge,G,ASU,West,11,34,9.82,5.53,0.85,0.65,1.44,0.82,9.82,12.77,1000,0
302,PJ Henry,G,TXSO,East,16,27,12.74,1.89,2.07,1.3,2.07,0,12.74,12.74,1000,0
303,John Walker,F,TXSO,East,16,34,12.62,4.24,1.35,0.56,1.71,1.03,12.62,12.62,1000,0
304,Kobe Johnson,G,USC,East,10,32,9.03,4.91,2.53,2.22,1.75,0.44,9.03,12.64,1000,0
305,Jamir Watkins,F,VCU,West,12,34,9.62,5.41,1.44,1.18,1.79,0.68,9.62,12.5,1000,0
306,Robbie Beran,F,NW,West,7,32,7.78,4.69,0.66,0.56,0.63,0.75,7.78,12.45,1000,0
307,Tamin Lipsey,G,ISU,Midwest,6,32,7.38,3.78,4.53,2.19,2.53,0.09,7.38,12.54,1000,0
308,Camren Wynter,G,PSU,Midwest,10,35,8.94,2.89,2,0.49,1.31,0.03,8.94,12.52,1000,0
309,Ernest Udeh,C,KANS,West,1,28,2.46,1.86,0.32,0.71,0.5,0.57,2.46,12.32,1000,0
310,Shakeel Moore,G,MISS-ST,Midwest,11,31,9.61,2.97,2.19,1.71,1.94,0.29,9.61,12.5,190.2,0
311,Garrett Sturtz,G,DRAKE,Midwest,12,34,9.5,6.26,1.09,1,0.97,0.21,9.5,12.35,1000,0
312,Micah Peavy,G,TCU,West,6,28,7.25,3.14,1.25,1.07,1.11,0.75,7.25,12.33,1000,0
313,Brooks Barnhizer,G,NW,West,7,32,7.69,4.91,1.09,0.75,0.88,0.38,7.69,12.3,1000,0
314,Oliver Lynch-Daniels,G,COLG,Midwest,15,31,12.26,3.52,2.16,0.84,1.39,0.1,12.26,12.26,1000,0
315,Ryan Langborg,G,PRIN,South,15,29,12.1,3.03,1.59,0.69,1.59,0.55,12.1,12.1,1000,0
316,Warren Washington,F,ASU,West,11,32,9.19,6.88,1.47,0.53,1.47,1.72,9.19,11.94,1000,0
317,Jack Clark,G,NCST,South,11,22,9.27,6.73,1.59,1.73,0.5,0.41,9.27,12.05,1000,0
318,Jayden Nunn,G,VCU,West,12,34,9.26,2.38,1.56,1.5,1.12,0.56,9.26,12.04,1000,0
319,JP Pegues,G,FUR,South,13,34,12.03,3.79,4,0.59,1.76,0.18,12.03,12.03,1000,0
320,Carlos Jurgens,G,ORAL,East,12,34,9.21,4.09,2.35,0.82,1.26,0.35,9.21,11.97,1000,0
321,Finn Sullivan,G,VERM,East,15,31,11.9,4.94,2.32,1.16,1.48,0.81,11.9,11.9,1000,0
322,Ben Burnham,F,COFC,South,12,34,9,3.65,0.56,0.32,1,0.35,9,11.7,1000,0
323,Braeden Smith,G,COLG,Midwest,15,34,11.76,3.85,4.53,1.26,2,0.06,11.76,11.76,1000,0
324,Sam Vinson,G,NKU,Midwest,16,31,11.71,4.19,2.9,2.35,1.77,0.23,11.71,11.71,1000,0
325,Sean East,G,MIZZ,South,7,33,7.27,2.03,2.64,1.33,1.52,0.03,7.27,11.64,1000,0
326,Aaron Deloney,G,VERM,East,15,33,11.64,2.33,1.88,0.67,0.88,0,11.64,11.64,1000,0
327,Abayomi Iyiola,C,KSU,East,3,27,3.78,3.11,0.37,0.3,0.89,0.41,3.78,11.33,1000,0
328,Darnell Brodie,F,DRAKE,Midwest,12,34,8.82,7.26,1.06,0.24,1.65,0.97,8.82,11.47,1000,0
329,Ryan Young,C,DUKE,East,5,34,6.65,5.79,1.41,0.26,1.18,0.5,6.65,11.3,178.09,0
330,D.J. Jeffries,F,MISS-ST,Midwest,11,33,8.82,6.24,1.79,1.18,1.48,0.39,8.82,11.46,1000,0
331,Dusan Mahorcic,F,NCST,South,11,10,8.7,6.6,1.2,0.6,1.2,0.7,8.7,11.31,1000,0
332,Elijah McCadden,G,MEMP,East,8,34,7.59,4.15,1.44,0.44,1.44,0.32,7.59,11.38,184.14,0
333,Demond Robinson,F,KENN,Midwest,14,34,11.06,5.76,0.79,0.79,1.15,0.91,11.06,11.06,1000,0
334,Bobby Pettiford,G,KANS,West,1,30,2.23,1.2,1.4,0.2,1.13,0.03,2.23,11.17,1000,0
335,Steve Settle,F,HOW,West,16,31,11,5.74,1.13,1.13,2.06,0.94,11,11,1000,0
336,Kareem Thompson,G,ORAL,East,12,34,8.56,5.71,3.06,1.32,1.56,0.18,8.56,11.13,1000,0
337,Terence Lewis,F,LA,East,13,33,10.97,7.55,1,0.85,0.85,0.21,10.97,10.97,1000,0
338,MJ Rice,G,KANS,West,1,23,2.22,1.04,0.17,0.3,0.52,0.09,2.22,11.09,1000,0
339,Ben Gold,F,MARQ,East,2,34,2.74,1.06,0.21,0.32,0.41,0.53,2.74,10.94,1000,0
340,Adam Seiko,G,SDSU,South,5,31,6.52,1.45,0.74,0.35,0.68,0.03,6.52,11.08,1000,0
341,Matt Allocco,G,PRIN,South,15,29,11.03,4.93,2.07,0.76,1.34,0.21,11.03,11.03,1000,0
342,Dashawn Davis,G,MISS-ST,Midwest,11,30,8.47,1.97,3.47,1.73,1.8,0.03,8.47,11.01,1000,0
343,Don Carey,G,MD,South,8,33,7.33,1.94,1.12,0.45,0.97,0.06,7.33,11,1000,0
344,Nike Sibande,G,PITT,Midwest,11,33,8.45,3.91,1.24,0.55,0.97,0.24,8.45,10.99,1000,0
345,CJ Fredrick,G,KY,East,6,25,6.44,0.8,1.6,0.56,0.56,0,6.44,10.95,1000,0
346,Shy Odom,F,HOW,West,16,30,10.8,4.47,1.37,0.87,1.77,0.53,10.8,10.8,1000,0
347,Joirdon Karl Nicholas,F,TXSO,East,16,29,10.72,8.9,1.52,0.86,2.17,0.97,10.72,10.72,1000,0
348,Makhi Mitchell,F,ARK,West,8,33,7.12,5.55,1.15,0.85,0.91,1.39,7.12,10.68,1000,0
349,Miryne Thomas,F,KENT-ST,Midwest,13,34,10.68,5.47,0.79,1.26,1.21,0.62,10.68,10.68,1000,0
350,Jordan Walsh,G,ARK,West,8,33,7.18,4.06,0.97,1.03,1,0.52,7.18,10.77,1000,0
351,Nathan Mensah,F,SDSU,South,5,33,6.24,5.85,0.61,0.7,1.06,1.52,6.24,10.61,1000,0
352,Chance McMillian,G,GCU,West,14,35,10.74,3.11,2.06,0.71,1.6,0.14,10.74,10.74,1000,0
353,D.J. Wilkins,G,DRAKE,Midwest,12,34,8.24,2,1.56,0.56,1.03,0.09,8.24,10.71,1000,0
354,Bryan Greenlee,G,FLA-ATL,East,9,34,7.12,2.5,2.21,0.85,1.68,0.09,7.12,10.68,1000,0
355,Ryan Moffatt,F,COLG,Midwest,15,32,10.53,4.19,1.81,1.5,0.72,0.09,10.53,10.53,1000,0
356,Chris Livingston,F,KY,East,6,32,6.19,4.03,0.69,0.44,0.88,0.31,6.19,10.52,1000,0
357,Marcus Foster,G,FUR,South,13,34,10.62,5.18,1.09,1.12,1.06,0.21,10.62,10.62,1000,0
358,Shahada Wells,G,TCU,West,6,33,6.24,2.27,2.48,1.18,1.15,0.18,6.24,10.61,1000,0
359,Tobe Awaka,F,TENN,East,4,31,3.48,3.94,0.29,0.19,0.39,0.32,3.48,10.45,1000,0
360,Skyy Clark,G,ILL,West,9,13,7,3.69,2.08,0.54,2.08,0.15,7,10.5,1000,0
361,Patrick Mwamba,F,ORAL,East,12,33,7.88,5.45,0.64,0.97,1,0.58,7.88,10.24,1000,0
362,Joe Munden,G,FDU,East,16,27,10.37,4.93,1.07,0.78,1.48,0.15,10.37,10.37,1000,0
363,Israel Barnes,G,SE-MO,South,16,27,10.33,3.15,1.33,0.7,0.85,0.3,10.33,10.33,1000,0
364,Alex Lomax,G,MEMP,East,8,23,6.87,3.17,3.26,2.39,1.91,0.09,6.87,10.3,1000,0
365,Great Osobor,F,MTST,East,14,33,10.03,4.48,0.97,0.61,2.09,0.82,10.03,10.03,1000,0
366,Henri Veesaar,F,ARIZ,South,2,28,2.5,1.46,0.54,0.14,0.43,0.43,2.5,10,1000,0
367,Tre King,F,ISU,Midwest,6,22,5.86,4.09,0.18,0.91,0.86,0.18,5.86,9.97,1000,0
368,Robert Jones,F,ISU,Midwest,6,32,5.84,3.75,0.88,0.69,1.41,0.38,5.84,9.93,1000,0
369,Matthew Nicholson,C,NW,West,7,32,6.03,5.47,1.28,0.63,0.88,1.25,6.03,9.65,1000,0
370,Darrion Williams,F,NEV,West,11,32,7.59,7.34,2.78,1.47,0.91,0.34,7.59,9.87,1000,0
371,Adama Bal,G,ARIZ,South,2,26,2.46,1,0.54,0.27,0.5,0.04,2.46,9.85,1000,0
372,Langston Love,G,BAY,South,3,29,6.55,2.24,0.79,0.41,0.66,0.14,3.28,9.83,1000,0
373,Dom Welch,G,ALA,South,1,19,1.95,1.58,0.26,0.16,0.47,0.26,1.95,9.74,1000,0
374,Ross Williams,G,AMCC,South,16,32,9.72,2.09,1.28,0.84,0.81,0,9.72,9.72,1000,0
375,Josh Pierre-Louis,G,UC-SB,South,14,31,9.68,4.03,2.45,1.29,2.06,0.19,9.68,9.68,1000,0
376,Connor McCaffery,G,IOWA,Midwest,8,31,6.45,3.97,3.68,1.35,0.94,0,6.45,9.68,1000,0
377,Dereck Lively,C,DUKE,East,5,32,5.41,5.03,1.09,0.53,0.66,2.31,5.41,9.19,139.09,0
378,Andre Kelly,F,UC-SB,South,14,33,9.45,6.45,0.91,0.55,1.27,0.76,9.45,9.45,1000,0
379,Fede Federiko,C,PITT,Midwest,11,33,7,5.64,0.52,0.42,0.88,1.73,7,9.1,1000,0
380,Marcus Dockery,G,HOW,West,16,30,9.57,2.4,1,0.67,1,0.07,9.57,9.57,1000,0
381,Joshua Morgan,F,USC,East,10,28,6.71,5.18,0.5,0.5,1.14,2.25,6.71,9.4,1000,0
382,Augustas Marciulionis,G,SMC,West,5,33,5.61,1.18,1.55,0.58,1,0.15,5.61,9.53,1000,0
383,Nick Davidson,F,NEV,West,11,32,7.09,4.09,0.41,0.44,0.84,0.5,7.09,9.22,1000,0
384,Brandon Stroud,G,KENN,Midwest,14,34,9.38,6.53,1.65,1.41,1.44,0.24,9.38,9.38,1000,0
385,Themus Fulks,G,LA,East,13,33,9.36,2.94,5.88,0.97,3.06,0.03,9.36,9.36,1000,0
386,Ahron Ulis,G,IOWA,Midwest,8,31,6.23,1.61,2.16,0.55,1.1,0.13,6.23,9.34,1000,0
387,Sardaar Calhoun,G,DRAKE,Midwest,12,31,7.16,2.06,0.32,0.48,0.97,0.23,7.16,9.31,1000,0
388,Jelani Williams,G,HOW,West,16,34,9.24,4.44,2.15,1.24,1.97,0.06,9.24,9.24,1000,0
389,Bensley Joseph,G,MIA,Midwest,5,32,5.41,2.13,2.03,0.59,1.25,0.34,5.41,9.19,1000,0
390,Cameron Matthews,G,MISS-ST,Midwest,11,33,7.06,5.58,2.3,1.52,1.7,0.64,7.06,9.18,1000,0
391,Caleb Lohner,F,BAY,South,3,32,3,3.47,0.31,0.56,0.91,0.03,3,9,1000,0
392,Kyle Bowen,F,SMC,West,5,33,5.27,7.21,1.76,1.24,0.67,0.88,5.27,8.96,1000,0
393,Darius Brown,G,MTST,East,14,33,9.06,4.45,4.79,1.82,1.52,0.03,9.06,9.06,1000,0
394,Matt Veretto,F,VERM,East,15,33,8.85,3.03,0.82,0.61,0.3,0.52,8.85,8.85,1000,0
395,Jordan Wood,F,HOW,West,16,34,8.79,3.74,0.74,0.53,1.21,0.56,8.79,8.79,1000,0
396,Tykei Greene,G,KSU,East,3,29,2.97,2.1,0.31,0.41,0.41,0.14,2.97,8.9,1000,0
397,RJ Melendez,G,ILL,West,9,31,5.87,3.42,0.81,0.68,0.97,0.45,5.87,8.81,1000,0
398,Malcolm Dandridge,F,MEMP,East,8,19,5.74,3.53,0.42,0.63,1.26,0.89,5.74,8.61,1000,0
399,Trevin Dorius,C,UTAH-ST,South,10,34,5.88,4,0.26,0.44,0.94,1,5.88,8.24,1000,0
400,Manny Obaseki,G,TXAM,Midwest,7,19,5.47,1.47,1,0.37,1.37,0.16,5.47,8.76,1000,0
401,Ian Martinez,G,MD,South,8,33,5.79,2.55,0.58,0.39,0.88,0.27,5.79,8.68,1000,0
402,Mady Sissoko,C,MSU,East,7,31,5.03,6.1,0.58,0.23,1.29,0.77,5.03,8.05,1000,0
403,Giancarlo Rosado,F,FLA-ATL,East,9,34,5.62,3.65,1.38,0.41,1.03,0.44,5.62,8.43,1000,0
404,Jalen Sullinger,G,KENT-ST,Midwest,13,34,8.59,1.35,0.74,0.53,0.71,0.09,8.59,8.59,1000,0
405,Trevon Faulkner,G,NKU,Midwest,16,34,8.59,2.76,0.88,1,0.94,0.09,8.59,8.59,1000,0
406,Caden Pierce,F,PRIN,South,15,29,8.34,7.1,1.21,0.72,0.9,0.59,8.34,8.34,1000,0
407,DeShang Weaver,F,ORAL,East,12,34,6.38,2.15,0.15,0.44,0.18,0.65,6.38,8.3,1000,0
408,Jalen Graham,F,ARK,West,8,28,5.5,2.32,0.5,0.39,1.25,0.46,5.5,8.25,1000,0
409,David Shriver,G,VCU,West,12,34,6.47,2.29,0.56,0.38,0.62,0.29,6.47,8.41,1000,0
410,Keeshawn Kellman,F,PRIN,South,15,29,8.03,4.55,0.48,0.1,1.62,0.79,8.03,8.03,1000,0
411,Garrett Hien,F,FUR,South,13,32,8.03,4.06,1.66,0.72,0.94,0.44,8.03,8.03,1000,0
412,Nick McMullen,F,UNC-ASH,West,15,34,8.03,5.65,0.62,0.47,1.56,0.5,8.03,8.03,1000,0
413,Fletcher Abee,G,UNC-ASH,West,15,31,8.13,1.94,1,0.81,0.74,0.13,8.13,8.13,1000,0
414,Tre Coleman,F,NEV,West,11,32,6.03,3.09,2.59,1.03,0.84,0.97,6.03,7.84,1000,0
415,Jayden Hardaway,G,MEMP,East,8,28,5.32,1,0.57,0.43,0.5,0.14,5.32,7.98,1000,0
416,Zytarious Mortle,G,TXSO,East,16,34,7.94,3.68,0.85,1.35,1.79,0.26,7.94,7.94,1000,0
417,Xavier Cork,F,TCU,West,6,33,4.55,2.58,0.45,0.45,0.58,0.45,4.55,7.73,1000,0
418,Colby Brooks,G,GONZ,West,3,8,2.63,1,0,0.25,0.38,0,2.63,7.88,1000,0
419,Aguek Arop,F,SDSU,South,5,31,4.52,2.84,0.81,0.65,0.77,0.61,4.52,7.68,1000,0
420,Heru Bligen,G,FDU,East,16,25,7.84,3.64,0.64,0.76,0.8,0.2,7.84,7.84,1000,0
421,Ryan Dunn,G,UVA,South,4,30,2.6,2.9,0.27,0.4,0.47,1.07,2.6,7.8,1000,0
422,Berrick JeanLouis,G,IONA,West,13,31,7.77,4.23,2,1,0.94,1.06,7.77,7.77,1000,0
423,Josh Earley,F,SE-MO,South,16,31,7.58,5,0.06,0.13,0.94,0.23,7.58,7.58,1000,0
424,Robin Duncan,G,VERM,East,15,33,7.76,7.27,4.36,0.91,1.39,0.39,7.76,7.76,1000,0
425,Damaria Franklin,G,MEMP,East,8,24,5.17,3.21,0.75,0.88,1.17,0.21,5.17,7.75,1000,0
426,Tre Gomillion,G,MIZZ,South,7,24,4.83,2.75,1.58,0.88,0.92,0.13,4.83,7.73,1000,0
427,Noah Baumann,F,GCU,West,14,35,7.54,3.51,0.69,0.34,0.69,0.17,7.54,7.54,1000,0
428,Chandler Lawson,F,MEMP,East,8,34,5,4.53,0.76,0.71,1,0.56,5,7.5,1000,0
429,Darius Miles,F,ALA,South,1,6,1.5,1.5,0.5,0.17,1.5,0.17,1.5,7.5,1000,0
430,Brandon Weatherspoon,G,FLA-ATL,East,9,34,5.12,2.03,0.74,0.47,0.32,0,5.12,7.68,1000,0
431,Xavier Rhodes,G,NKU,Midwest,16,33,7.67,2.27,3.67,1.97,1.82,0.24,7.67,7.67,1000,0
432,Ryan Elvin,G,HOU,Midwest,1,15,1.53,0.27,0,0.2,0,0,1.53,7.67,1000,0
433,Hassan Diarra,G,CONN,West,4,30,2.53,1.43,1.97,0.87,1.2,0.23,2.53,7.6,1000,0
434,Jimmy Bell,F,WVA,South,9,33,4.91,5.24,0.48,0.55,1.33,0.42,4.91,7.36,1000,0
435,Jacob Grandison,G,DUKE,East,5,34,4.44,2.09,1.38,0.41,0.53,0.06,4.44,7.55,1000,0
436,Aquan Smart,G,SE-MO,South,16,31,7.52,3.13,2.19,1.55,2.42,0.35,7.52,7.52,1000,0
437,Myles Dread,G,PSU,Midwest,10,35,5.34,2.03,0.86,0.49,0.4,0.11,5.34,7.48,1000,0
438,Cole Anderson,G,UC-SB,South,14,34,7.41,1.35,0.59,0.38,0.5,0.09,7.41,7.41,1000,0
439,Osborn Shema,F,IONA,West,13,33,7.21,4.79,1.61,0.67,1,1.27,7.21,7.21,1000,0
440,Raekwon Horton,F,COFC,South,12,33,5.52,3.27,1.12,0.7,1.33,0.15,5.52,7.17,1000,0
441,Kameron Gibson,G,VERM,East,15,32,7.31,1.59,0.72,0.53,0.31,0.09,7.31,7.31,1000,0
442,Calvin Wishart,G,UC-SB,South,14,34,7.29,2.94,2.88,1.06,1.41,0.09,7.29,7.29,1000,0
443,Jalen Gaffney,G,FLA-ATL,East,9,33,4.76,2.55,2.55,0.55,1,0,4.76,7.14,1000,0
444,Zach Clemence,F,KANS,West,1,18,1.39,1.39,0.11,0.11,0.39,0.33,1.39,6.94,1000,0
445,Jeff Woodward,F,COLG,Midwest,15,34,6.91,4.5,2.26,0.29,1.24,0.82,6.91,6.91,1000,0
446,Nate Johnson,C,SE-MO,South,16,35,6.46,3.6,0.6,0.29,0.91,0.89,6.46,6.46,1000,0
447,Cesare Edwards,F,XAV,Midwest,3,20,2.3,1.9,0.25,0.05,0.7,0.15,2.3,6.9,1000,0
448,Bryce Harris,G,HOW,West,16,33,7.06,3.55,0.58,0.45,0.94,0.61,7.06,7.06,1000,0
449,Jalen Jackson,G,AMCC,South,16,33,7.03,2.88,2.88,1.36,2.06,0.18,7.03,7.03,1000,0
450,Fredrick King,C,CREI,South,6,33,3.76,2.58,0.15,0.06,0.58,0.79,3.76,6.39,1000,0
451,Efton Reid,C,GONZ,West,3,25,2.12,1.04,0.08,0.12,0.56,0.08,2.12,6.36,1000,0
452,Chris Brandon,F,NKU,Midwest,16,34,6.76,9.79,0.76,1,1.12,0.71,6.76,6.76,1000,0
453,Trey Robinson,G,NKU,Midwest,16,33,6.91,3.7,1.58,0.97,1.3,0.36,6.91,6.91,1000,0
454,Nick Kern,G,VCU,West,12,34,5.29,2.71,0.82,0.68,0.91,0.24,5.29,6.88,1000,0
455,Kaleb Banks,F,IND,Midwest,4,22,2.23,0.95,0.36,0.18,0.41,0.05,2.23,6.68,1000,0
456,Zeb Jackson,G,VCU,West,12,34,5.26,1.47,1.76,0.91,1.24,0.15,5.26,6.84,1000,0
457,VonCameron Davis,F,KENT-ST,Midwest,13,33,6.64,3.45,0.36,0.76,1.03,0.15,6.64,6.64,1000,0
458,Sean Moore,F,FDU,East,16,33,6.64,4.45,0.97,1.36,1.12,0.33,6.64,6.64,1000,0
459,Kobe Clark,F,SE-MO,South,16,19,6.63,8.68,2.63,1.47,1.89,1.21,6.63,6.63,1000,0
460,Dylan Branson,G,SE-MO,South,16,31,6.81,4.48,1.87,0.9,1.52,0.19,6.81,6.81,1000,0
461,Jamon Battle,F,UNC-ASH,West,15,34,6.59,3.59,0.97,0.88,1.24,0.38,6.59,6.59,1000,0
462,Chris Payton,F,KENT-ST,Midwest,13,33,6.58,4.79,0.39,0.3,0.64,0.97,6.58,6.58,1000,0
463,Caleb Fuller,G,MTST,East,14,33,6.76,3.27,1.06,0.48,1.15,0.09,6.76,6.76,1000,0
464,Kentrell Garnett,G,LA,East,13,33,6.76,2.06,0.85,0.94,0.67,0.09,6.76,6.76,1000,0
465,Francisco Caffaro,C,UVA,South,4,20,2,1.75,0.2,0.05,0.45,0.05,2,6,1000,0
466,Sahvir Wheeler,G,KY,East,6,21,7.67,2.29,5.57,0.9,1.86,0.1,3.83,6.52,1000,0
467,Ajare Sanni,G,UC-SB,South,14,24,6.5,1.96,0.96,0.54,1,0,6.5,6.5,1000,0
468,Zuby Ejiofor,F,KANS,West,1,23,1.26,1.7,0.17,0.13,0.52,0.57,1.26,6.3,1000,0
469,Alyn Breed,G,PROV,East,11,31,4.94,2.42,1.55,0.74,1.26,0,4.94,6.42,1000,0
470,Dylan Cardwell,C,AUB,Midwest,9,30,3.83,3.93,1.13,0.3,0.67,1.4,3.83,5.75,1000,0
471,De'Lazarus Keys,F,AMCC,South,16,31,6.19,5.65,1.16,0.48,1,0.29,6.19,6.19,1000,0
472,Alex Williams,F,FUR,South,13,27,6.19,2.93,0.63,0.3,0.52,0.11,6.19,6.19,1000,0
473,Babacar Faye,F,COFC,South,12,33,4.76,4.7,0.55,0.39,1.15,0.7,4.76,6.18,1000,0
474,Clifton Moore,F,PROV,East,11,32,4.72,3.38,0.34,0.38,0.56,1.22,4.72,6.13,1000,0
475,Spencer Rodgers,G,KENN,Midwest,14,34,6.32,3.26,2.09,0.94,1.21,0.18,6.32,6.32,1000,0
476,Harlond Beverly,G,MIA,Midwest,5,32,3.72,1.19,1.16,0.59,0.88,0.06,3.72,6.32,1000,0
477,Seth Wilson,G,WVA,South,9,33,4.21,0.91,0.55,0.36,0.12,0,4.21,6.32,1000,0
478,Cli'Ron Hornbeak,C,KENT-ST,Midwest,13,33,5.61,4.97,0.27,0.52,0.82,0.85,5.61,5.61,1000,0
479,Zee Hamoda,F,UTAH-ST,South,10,33,4.33,2.36,0.67,0.3,1.21,0.24,4.33,6.07,1000,0
480,Kasen Jennings,G,KENN,Midwest,14,32,6.22,1.69,1.63,0.91,0.97,0.25,6.22,6.22,1000,0
481,Alex Anamekwe,F,TX,Midwest,2,12,1.5,0.67,0.08,0.17,0.33,0,1.5,6,1000,0
482,Makhel Mitchell,F,ARK,West,8,27,4,3.56,0.37,0.41,0.63,1.67,4,6,1000,0
483,Jamiya Neal,F,ASU,West,11,29,4.48,2.79,1.48,0.59,1,0.17,4.48,5.83,1000,0
484,Dorian Finister,G,KSU,East,3,6,2,2.33,1.17,0.33,0.33,0,2,6,1000,0
485,CJ Gunn,G,IND,Midwest,4,20,2,0.6,0.4,0.5,0.25,0.1,2,6,1000,0
486,Jaylen Blakes,G,DUKE,East,5,30,3.5,1.53,1.3,0.6,0.6,0.17,3.5,5.95,1000,0
487,Josh Baker,G,GCU,West,14,30,5.93,2.43,2.33,0.6,1.6,0.27,5.93,5.93,1000,0
488,Michael Jankovich,G,KANS,West,1,12,1.17,0,0,0.08,0,0,1.17,5.83,1000,0
489,Dylan Anderson,F,ARIZ,South,2,15,1.4,0.6,0.13,0,0.13,0.07,1.4,5.6,1000,0
490,Jalen Dalcourt,G,LA,East,13,33,5.79,1.36,0.79,0.52,0.7,0.18,5.79,5.79,1000,0
491,Chris Moore,F,AUB,Midwest,9,29,3.72,2.14,0.62,0.48,0.72,0.31,3.72,5.59,1000,0
492,Mohamed Diarra,F,MIZZ,South,7,23,3.48,3.35,0.57,0.57,0.83,0.57,3.48,5.57,1000,0
493,Pierre Brooks,G,MSU,East,7,30,3.6,1.7,0.37,0.17,0.37,0,3.6,5.76,1000,0
494,Hayden Hefner,G,TXAM,Midwest,7,30,3.57,0.73,0.53,0.23,0.87,0.13,3.57,5.71,1000,0
495,Samson Johnson,F,CONN,West,4,6,1.83,1.17,0.17,0.33,0.33,0,1.83,5.5,1000,0
496,Luke Goode,G,ILL,West,9,9,3.78,1.33,0.33,0.44,0.22,0.44,3.78,5.67,1000,0
497,Joe Charles,F,LA,East,13,32,5.44,4.16,0.59,1.09,0.81,0.44,5.44,5.44,1000,0
498,Alex Caldwell,G,UNC-ASH,West,15,29,5.59,1.03,1.03,0.41,0.86,0.07,5.59,5.59,1000,0
499,Sencire Harris,G,ILL,West,9,32,3.72,2.06,0.84,0.84,0.63,0.34,3.72,5.58,1000,0
500,Conor Enright,G,DRAKE,Midwest,12,34,4.24,2.21,1.59,0.74,0.91,0.06,4.24,5.51,1000,0
501,Matthew Lang,G,ARIZ,South,2,8,1.38,0.5,0,0,0,0,1.38,5.5,1000,0
502,Kanye Clary,G,PSU,Midwest,10,29,3.9,0.93,0.69,0.38,0.69,0,3.9,5.46,1000,0
503,Solomon Washington,F,TXAM,Midwest,7,30,3.27,2.93,0.33,0.5,0.5,0.5,3.27,5.23,1000,0
504,Blake Peters,G,PRIN,South,15,29,5.38,1.76,0.45,0.24,0.28,0.07,5.38,5.38,1000,0
505,Kobe Knox,G,GCU,West,14,33,5.36,1.7,1.18,0.52,0.79,0.73,5.36,5.36,1000,0
506,Tre Carroll,F,FLA-ATL,East,9,18,3.44,1.78,0.39,0,0.5,0.06,3.44,5.17,1000,0
507,Jaylon Scott,G,COFC,South,12,34,4.12,5.29,2.62,1.09,1.65,0.68,4.12,5.35,1000,0
508,Adam Larson,F,SE-MO,South,16,32,5.16,1.78,0.13,0.16,0.22,0.38,5.16,5.16,1000,0
509,Yvan Ouedraogo,F,GCU,West,14,27,5.15,5.78,0.41,0.63,1.04,0.7,5.15,5.15,1000,0
510,Johnathan Lawson,G,MEMP,East,8,28,3.54,1.5,1.21,0.36,1.04,0.25,3.54,5.3,1000,0
511,Andersson Garcia,F,TXAM,Midwest,7,33,3.18,4.24,0.79,0.58,0.79,0.21,3.18,5.09,1000,0
512,Ben Vanderwal,F,FUR,South,13,34,5.09,3.21,0.41,0.47,0.59,0.26,5.09,5.09,1000,0
513,Tyler Stevenson,F,MISS-ST,Midwest,11,33,3.91,1.76,0.3,0.33,0.55,0.21,3.91,5.08,1000,0
514,TJ Hurley,G,VERM,East,15,30,5.27,1.73,0.47,0.23,0.53,0.03,5.27,5.27,1000,0
515,Jaxon Kohler,F,MSU,East,7,31,3.16,3.06,0.32,0.16,0.65,0.52,3.16,5.06,1000,0
516,Owen Dease,F,AMCC,South,16,21,5.05,2.24,0.71,0.52,0.71,0.14,5.05,5.05,1000,0
517,Tyrese Hughey,F,FUR,South,13,33,5.03,2.33,0.64,0.55,0.48,0.21,5.03,5.03,1000,0
518,Jordan Roberts,G,AMCC,South,16,18,5.22,1.72,0.5,0.44,0.5,0,5.22,5.22,1000,0
519,Xaivian Lee,G,PRIN,South,15,29,5.21,1.9,1,0.55,0.93,0.07,5.21,5.21,1000,0
520,Hason Ward,F,ISU,Midwest,6,22,2.91,2.23,0.32,0.64,0.5,0.41,2.91,4.95,1000,0
521,Anthony Walker,F,MIA,Midwest,5,32,2.91,1.31,0.31,0.25,0.44,0.13,2.91,4.94,1000,0
522,Kobe Dickson,F,HOW,West,16,30,4.9,2.13,1.3,0.1,1.7,0.23,4.9,4.9,1000,0
523,Abramo Canka,G,UCLA,West,2,22,1.27,0.68,0.18,0.18,0.27,0.05,1.27,5.09,1000,0
524,Chandler Baker,G,COLG,Midwest,15,34,5.09,1.18,0.29,0.26,0.53,0.06,5.09,5.09,1000,0
525,Tyler Patterson,G,MTST,East,14,34,5.06,1.24,0.47,0.47,0.44,0.18,5.06,5.06,1000,0
526,Caleb Burgess,G,UNC-ASH,West,15,34,5.06,2.06,4.32,0.74,2.71,0.03,5.06,5.06,1000,0
527,Harry Wessels,C,SMC,West,5,33,2.58,1.76,0.27,0.12,0.55,0.15,2.58,4.38,1000,0
528,Lukas Milner,C,BSU,West,10,32,3.13,2.78,0.41,0.22,0.78,0.75,3.13,4.38,1000,0
529,Eric Reed,G,MISS-ST,Midwest,11,33,3.85,2,0.85,0.48,0.3,0.09,3.85,5,1000,0
530,Trey Phipps,G,ORAL,East,12,33,3.85,1.42,1.03,0.58,0.39,0.03,3.85,5,1000,0
531,Filip Borovicanin,F,ARIZ,South,2,15,1.2,0.8,0.4,0.07,0.33,0,1.2,4.8,1000,0
532,Francisco Farabello,G,CREI,South,6,30,2.93,1.2,0.93,0.47,0.63,0,2.93,4.99,1000,0
533,Kolby Granger,G,TXSO,East,16,32,4.97,2.72,1,0.5,1.06,0.25,4.97,4.97,1000,0
534,Kebba Njie,F,PSU,Midwest,10,35,3.4,3.57,0.49,0.17,0.89,0.49,3.4,4.76,1000,0
535,Kehlin Farooq,G,TXSO,East,16,31,4.9,3.94,1.13,0.48,1.42,0.45,4.9,4.9,1000,0
536,Walter Ellis,G,GCU,West,14,32,4.88,2.31,0.66,0.38,0.5,0.03,4.88,4.88,1000,0
537,Ernest Ross,F,NCST,South,11,33,3.58,2.55,0.27,0.42,0.55,0.82,3.58,4.65,1000,0
538,PJ Haggerty,G,TCU,West,6,6,2.83,1.5,0.83,0.33,0.67,0,2.83,4.82,1000,0
539,Nate Ferguson,F,DRAKE,Midwest,12,26,3.54,2.62,0.42,0.19,0.54,0.31,3.54,4.6,1000,0
540,Ty Rodgers,G,ILL,West,9,32,3.19,4.06,0.97,0.56,0.81,0.19,3.19,4.78,1000,0
541,Dominick Harris,G,GONZ,West,3,12,1.58,0.58,0.58,0.08,0.25,0.08,1.58,4.75,1000,0
542,Dasonte Bowen,G,IOWA,Midwest,8,25,3.16,0.88,1.04,0.28,0.96,0.04,3.16,4.74,1000,0
543,Alex Peterson,F,KENN,Midwest,14,31,4.55,2.84,0.71,0.42,0.9,0.26,4.55,4.55,1000,0
544,Aidan Shaw,F,MIZZ,South,7,30,2.83,1.8,0.13,0.23,0.3,0.33,2.83,4.53,1000,0
545,Nick Fiorillo,F,VERM,East,15,13,4.46,2.08,0.85,0.23,1.31,0.46,4.46,4.46,1000,0
546,Quincy Ademokoya,G,KENN,Midwest,14,34,4.59,1.53,0.5,0.24,0.76,0.12,4.59,4.59,1000,0
547,Delaney Heard,G,ALA,South,1,11,0.91,0.36,0,0,0.18,0,0.91,4.55,1000,0
548,Robert Ford,G,MTST,East,14,34,4.53,3.26,1.88,0.88,1.26,0.09,4.53,4.53,1000,0
549,Will McNair,F,MISS-ST,Midwest,11,33,3.33,3.27,0.39,0.33,0.76,0.48,3.33,4.33,1000,0
550,KeShawn Murphy,F,MISS-ST,Midwest,11,18,3.33,1.78,0.83,0.56,0.67,0.56,3.33,4.33,1000,0
551,Jace Whiting,G,BSU,West,10,32,3.22,1.75,1.34,0.31,0.84,0.06,3.22,4.51,1000,0
552,Sam Thomson,F,COLG,Midwest,15,31,4.29,2.68,0.35,0.23,0.39,0.16,4.29,4.29,1000,0
553,Patrick McMahon,G,MTST,East,14,15,4.47,2,0.53,0.4,0.47,0.2,4.47,4.47,1000,0
554,Nick Martinelli,F,NW,West,7,18,2.67,1.5,0.33,0.33,0.28,0,2.67,4.27,1000,0
555,Patrick Emilien,F,MD,South,8,30,2.83,2.93,0.27,0.37,0.5,0.73,2.83,4.25,1000,0
556,Ugonna Onyenso,F,KY,East,6,16,2.5,2.63,0.13,0.19,0.25,1,2.5,4.25,1000,0
557,Isaiah Shaw,G,GCU,West,14,7,4.43,1.57,0.57,0.29,0.43,0,4.43,4.43,1000,0
558,Mason Miller,F,CREI,South,6,33,2.45,1.64,0.24,0.09,0.24,0,2.45,4.17,1000,0
559,Shawn Jones,G,MISS-ST,Midwest,11,23,3.35,1.7,0.43,0.65,0.65,0.35,3.35,4.35,1000,0
560,Adou Thiero,G,KY,East,6,18,2.56,2.06,0.44,0.5,0.72,0.33,2.56,4.34,1000,0
561,Anton Brookshire,G,IONA,West,13,30,4.33,1.1,0.43,0.2,0.3,0.07,4.33,4.33,1000,0
562,RJ Eytle-Rock,G,UTAH-ST,South,10,33,3.09,1.06,0.82,0.27,0.76,0.12,3.09,4.33,1000,0
563,Luther Muhammad,G,ASU,West,11,34,3.32,1.03,0.41,0.26,0.38,0,3.32,4.32,1000,0
564,Zep Jasper,G,AUB,Midwest,9,32,2.88,0.91,0.47,0.47,0.28,0.03,2.88,4.31,1000,0
565,Kenneth Nwuba,F,UCLA,West,2,32,1.03,1.59,0.34,0.16,0.38,0.5,1.03,4.13,1000,0
566,Zach Martini,F,PRIN,South,15,21,4.1,2.62,0.52,0.19,0.62,0,4.1,4.1,1000,0
567,Guillermo Diaz Graham,F,PITT,Midwest,11,30,3.13,2.87,0.6,0.47,0.67,0.6,3.13,4.07,1000,0
568,Taine Murray,G,UVA,South,4,12,1.42,1,0.25,0,0.17,0.17,1.42,4.25,1000,0
569,Tydus Verhoeven,F,NW,West,7,32,2.53,2.69,0.69,0.5,0.47,0.69,2.53,4.05,1000,0
570,Alonzo Gaffney,F,ASU,West,11,34,3.09,2.88,0.56,0.44,0.79,0.53,3.09,4.01,1000,0
571,Simeon Fryer,G,AMCC,South,16,26,4.19,2.73,1.04,0.46,1.08,0.46,4.19,4.19,1000,0
572,Mac Etienne,F,UCLA,West,2,29,1,2.07,0.21,0.21,0.14,0.48,1,4,1000,0
573,Kam Craft,G,XAV,Midwest,3,14,2.79,1.64,0.29,0.21,0.71,0.07,1.39,4.18,1000,0
574,Okay Djamgouz,G,DRAKE,Midwest,12,27,3.15,0.37,0.19,0.11,0.19,0,3.15,4.09,1000,0
575,Kaodirichi Akobundu-Ehiogu,F,MEMP,East,8,30,2.6,1.7,0.13,0,0.47,1.57,2.6,3.9,1000,0
576,Evan Mahaffey,G,PSU,Midwest,10,31,2.9,1.68,0.39,0.26,0.45,0.19,2.9,4.06,1000,0
577,Luke Barrett,G,SMC,West,5,26,2.38,2.08,0.15,0.23,0.35,0.19,2.38,4.05,1000,0
578,James Okonkwo,F,WVA,South,9,30,2.57,3.13,0.1,0.07,0.4,0.7,2.57,3.85,1000,0
579,Joshua Jefferson,F,SMC,West,5,32,2.25,1.38,0.53,0.47,0.56,0.16,2.25,3.83,1000,0
580,Will McClendon,G,UCLA,West,2,24,1,1.17,0.83,0.33,0.17,0,1,4,1000,0
581,Trey Pettigrew,G,NEV,West,11,26,3.08,1.62,0.35,0.15,0.5,0.27,3.08,4,1000,0
582,Jorge Diaz Graham,F,PITT,Midwest,11,28,2.93,2.21,0.43,0.54,0.36,0.54,2.93,3.81,1000,0
583,Vincent Iwuchukwu,F,USC,East,10,14,5.36,2.5,0.29,0.07,1.14,1,2.68,3.75,1000,0
584,Joseph Pinion,G,ARK,West,8,24,2.58,0.63,0.13,0.25,0,0.04,2.58,3.87,1000,0
585,Michael Henn,F,PSU,Midwest,10,27,2.63,1.19,0.63,0.11,0.56,0.11,2.63,3.68,1000,0
586,Keeyan Itejere,F,MARQ,East,2,12,0.92,0.58,0,0,0.17,0.08,0.92,3.67,1000,0
587,Simeon Cottle,G,KENN,Midwest,14,32,3.84,0.72,1.09,0.47,0.97,0.03,3.84,3.84,1000,0
588,Josh Banks,G,VCU,West,12,27,2.93,0.74,0.22,0.19,0.44,0.15,2.93,3.8,1000,0
589,Jaden Schutt,G,DUKE,East,5,13,2.23,1.08,0.31,0.08,0,0.15,2.23,3.79,1000,0
590,Lance Ware,F,KY,East,6,26,2.12,2.12,0.65,0.31,0.62,0.38,2.12,3.6,1000,0
591,Giovanni Santiago,G,KENT-ST,Midwest,13,23,7.52,1.83,1.7,1.13,0.91,0.17,3.76,3.76,1000,0
592,Sebastien Lamaute,G,FDU,East,16,31,3.74,3.23,0.97,0.58,0.87,0.06,3.74,3.74,1000,0
593,Trent Stephney,G,UNC-ASH,West,15,33,3.73,1.39,1.33,1.06,1.18,0,3.73,3.73,1000,0
594,Kobe Julien,F,LA,East,13,21,3.48,1.19,0.67,0.38,0.48,0.24,3.48,3.48,1000,0
595,Daimion Collins,F,KY,East,6,23,2.04,1.96,0.17,0.22,0.74,0.43,2.04,3.47,1000,0
596,Jo'el Emanuel,F,FDU,East,16,34,3.47,2.5,1.06,0.53,0.91,0.12,3.47,3.47,1000,0
597,B.J. Edwards,G,TENN,East,4,14,1.21,0.57,0.43,0.07,0.36,0.07,1.21,3.64,1000,0
598,Andre Gordon,G,TXAM,Midwest,7,34,2.24,1.59,1.24,0.44,0.79,0,2.24,3.58,1000,0
599,Sam Lecholat,F,MTST,East,14,34,3.38,2.24,0.56,0.21,0.53,0.18,3.38,3.38,1000,0
600,Kimani Hamilton,F,MISS-ST,Midwest,11,12,2.58,1,0.58,0.33,0.42,0.08,2.58,3.36,1000,0
601,Malik Thomas,G,USC,East,10,26,2.5,1.08,0.35,0.38,0.54,0,2.5,3.5,1000,0
602,Yohan Traore,F,AUB,Midwest,9,24,2.21,1.46,0.25,0,0.46,0.08,2.21,3.31,1000,0
603,Josh Ogundele,C,IOWA,Midwest,8,11,1.91,1.73,0.55,0.55,0.64,0.36,1.91,2.86,1000,0
604,Cameron Tweedy,F,FDU,East,16,31,3.29,2.35,0.48,0.32,0.65,0.16,3.29,3.29,1000,0
605,Dieonte Miles,F,XAV,Midwest,3,12,1.08,1.25,0.17,0.17,0.42,0.17,1.08,3.25,1000,0
606,Jayden Pierre,G,PROV,East,11,32,2.63,1.06,2,0.25,0.75,0.09,2.63,3.41,1000,0
607,Jahari Long,G,MD,South,8,33,2.27,0.7,1.15,0.27,0.55,0,2.27,3.41,1000,0
608,Dean Gabrelcik,G,UNC-ASH,West,15,10,3.4,0.7,0.2,0,0.1,0,3.4,3.4,1000,0
609,Lior Berman,G,AUB,Midwest,9,23,2.26,1.17,0.13,0.3,0.35,0,2.26,3.39,1000,0
610,Cruz Davis,G,IONA,West,13,23,6.74,1.39,1,0.7,1.09,0.35,3.37,3.37,1000,0
611,Kamani Johnson,F,ARK,West,8,24,2.13,2.75,0.17,0.58,0.38,0.25,2.13,3.19,1000,0
612,Shereef Mitchell,G,CREI,South,6,32,1.97,0.59,0.59,0.41,0.41,0.03,1.97,3.35,1000,0
613,Corey Floyd,G,PROV,East,11,28,2.57,1.18,0.43,0.29,0.5,0.07,2.57,3.34,1000,0
614,Adam Cottrell,G,ALA,South,1,12,0.67,0.17,0,0.08,0.08,0,0.67,3.33,1000,0
615,Duke Brennan,F,ASU,West,11,34,2.41,2.35,0.15,0.21,0.41,0.53,2.41,3.14,1000,0
616,Ileri Ayo-Faleye,F,VERM,East,15,28,3.07,1.86,0.21,0.54,0.71,0.57,3.07,3.07,1000,0
617,Michael Thomas,G,LA,East,13,27,3.22,1.15,1.89,0.59,1.04,0.04,3.22,3.22,1000,0
618,Rondel Walker,G,TCU,West,6,28,1.89,1.61,0.71,0.39,0.43,0.36,1.89,3.22,1000,0
619,LJ Thomas,G,NCST,South,11,29,2.45,2.14,0.55,0.52,0.45,0.1,2.45,3.18,1000,0
620,Jordan Mains,F,ARIZ,South,2,8,0.75,0.75,0.13,0.13,0.25,0,0.75,3,1000,0
621,Zach Loveday,F,BAY,South,3,12,1,0.58,0,0.08,0.17,0.08,1,3,1000,0
622,Richie Springs,F,CONN,West,4,13,1,0.77,0.23,0,0,0,1,3,1000,0
623,Elijah Tucker,F,XAV,Midwest,3,7,1,0.71,0.29,0.14,0.43,0,1,3,1000,0
624,Tre Donaldson,G,AUB,Midwest,9,30,2.1,1.43,1.23,0.7,0.6,0,2.1,3.15,1000,0
625,Mohamed Sylla,C,BSU,West,10,18,1.83,1.17,0,0,0.28,0.28,1.83,2.57,1000,0
626,Imanuel Zorgvol,C,NKU,Midwest,16,32,2.56,2.81,0.09,0.34,0.53,0.66,2.56,2.56,1000,0
627,Christian Reeves,C,DUKE,East,5,12,1.5,1.08,0.08,0.08,0.25,0,1.5,2.55,1000,0
628,Eric Northweather,F,DRAKE,Midwest,12,23,2.26,2.04,0.65,0.26,0.48,0.52,2.26,2.94,1000,0
629,Josh Dix,G,IOWA,Midwest,8,30,2.07,0.93,0.93,0.23,0.37,0.1,2.07,3.1,1000,0
630,Zander Yates,F,CREI,South,6,10,1.7,0.6,0.4,0.3,0.1,0.1,1.7,2.89,1000,0
631,Kobe Johnson,G,WVA,South,9,29,2.03,1,0.48,0.21,0.55,0.14,2.03,3.05,1000,0
632,Chase Coleman,G,UVA,South,4,7,1,0.14,0.57,0,0.29,0,1,3,1000,0
633,Jack Scott,G,PRIN,South,15,16,3,1.5,0.81,0.44,0.94,0,3,3,1000,0
634,A'lahn Sumler,G,NKU,Midwest,16,27,3,0.96,0.41,0.3,0.67,0,3,3,1000,0
635,Dallion Johnson,G,PSU,Midwest,10,22,2.14,0.77,0.36,0.18,0.23,0,2.14,2.99,1000,0
636,Nate Clover,C,ORAL,East,12,15,1.87,1.4,0,0.27,0.53,0.47,1.87,2.43,1000,0
637,Chris Craig,G,TXSO,East,16,23,2.96,2.26,0.35,0.65,0.7,0.17,2.96,2.96,1000,0
638,Khalen Robinson,G,TXAM,Midwest,7,18,1.83,0.61,0.56,0.33,0.56,0,1.83,2.93,1000,0
639,Hubertas Pivorius,G,NKU,Midwest,16,29,2.93,0.59,0.55,0.1,0.48,0,2.93,2.93,1000,0
640,Austin Nunez,G,ASU,West,11,28,4.5,1.14,0.86,0.68,1.18,0.04,2.25,2.93,1000,0
641,Demarion Watson,G,ISU,Midwest,6,28,1.71,2.64,0.36,0.32,0.54,0.54,1.71,2.91,1000,0
642,Kijani Wright,F,USC,East,10,28,1.96,1.86,0.32,0.07,0.39,0.46,1.96,2.75,1000,0
643,Javonte Brown,F,TXAM,Midwest,7,7,1.71,1.57,0.14,0,0.14,0.29,1.71,2.74,1000,0
644,Christian Watson,G,MIA,Midwest,5,10,1.7,0.5,0.1,0,0.1,0,1.7,2.89,1000,0
645,Demari Williams,G,ORAL,East,12,18,2.22,0.72,0.17,0.11,0.17,0.06,2.22,2.89,1000,0
646,Carson Cooper,C,MSU,East,7,27,1.44,0.7,0.07,0.15,0.26,0.26,1.44,2.31,1000,0
647,Jed Miller,G,MTST,East,14,14,2.86,1.07,0.93,0.64,0.14,0.07,2.86,2.86,1000,0
648,Cole Bott,F,TX,Midwest,2,9,0.67,0.56,0,0.11,0,0.11,0.67,2.67,1000,0
649,Josiah Harris,F,WVA,South,9,17,1.76,0.88,0.12,0.24,0.24,0,1.76,2.65,1000,0
650,Brian Waddell,F,PURD,East,1,17,0.53,0.65,0.41,0.06,0.35,0,0.53,2.65,1000,0
651,Aidan Igiehon,F,GCU,West,14,31,2.65,3.35,0.23,0.13,0.74,0.39,2.65,2.65,1000,0
652,Sadraque NgaNga,G,BSU,West,10,17,2,1.53,0.29,0.24,0.53,0,2,2.8,1000,0
653,Isaiah Gaines,F,FLA-ATL,East,9,25,1.76,1.64,0.24,0.24,0.44,0.16,1.76,2.64,1000,0
654,Sadiku Ibine Ayo,F,IONA,West,13,24,2.58,1.5,0.21,0.38,0.42,0.25,2.58,2.58,1000,0
655,Jasman Sangha,F,AMCC,South,16,14,2.57,1.71,0.36,0.21,0.71,0.21,2.57,2.57,1000,0
656,Tyler Powell,G,NEV,West,11,32,2.09,1.03,0.28,0.16,0.38,0.03,2.09,2.72,1000,0
657,Reece Brown,F,HOW,West,16,9,2.56,1.22,0.67,0.22,0.78,0.11,2.56,2.56,1000,0
658,Tyrese Nickelson,G,AMCC,South,16,24,2.71,1.04,0.88,0.42,0.71,0.08,2.71,2.71,1000,0
659,Carter Whitt,G,FUR,South,13,27,2.7,1.7,2.19,0.41,1.3,0.11,2.7,2.7,1000,0
660,Greg Gantt,F,NCST,South,11,22,1.95,4.5,0.36,0.86,0.55,0.45,1.95,2.54,1000,0
661,Jourdyn Grandberry,G,AMCC,South,16,26,2.69,0.77,0.46,0.42,0.65,0.12,2.69,2.69,1000,0
662,Pavle Kuzmanovic,G,BSU,West,10,23,1.91,0.48,0.43,0.13,0.61,0,1.91,2.68,1000,0
663,Ben Shtolzberg,G,CREI,South,6,16,1.56,0.88,0.69,0.25,0.25,0,1.56,2.66,1000,0
664,Delrecco Gillespie,F,KENT-ST,Midwest,13,24,2.46,1.71,0.08,0.13,0.5,0.08,2.46,2.46,1000,0
665,Silas Mason,F,UNC-ASH,West,15,11,2.45,0.64,0.18,0.18,0.64,0.18,2.45,2.45,1000,0
666,Jordan Gilliam,G,TXSO,East,16,27,2.59,2.26,1.44,0.41,0.74,0.19,2.59,2.59,1000,0
667,Rafael Castro,F,PROV,East,11,26,1.85,2.12,0.31,0.38,0.31,0.5,1.85,2.4,1000,0
668,Cole LaRue,F,KENN,Midwest,14,18,2.39,1.67,0.11,0.06,0.83,0.06,2.39,2.39,1000,0
669,Chancellor White,G,LA,East,13,15,2.53,1.47,0.27,0.13,0.67,0.2,2.53,2.53,1000,0
670,Grayson Carter,F,TXSO,East,16,19,2.37,2.63,0.37,0.11,0.42,0.16,2.37,2.37,1000,0
671,Mason Hanback,C,SE-MO,South,16,9,2,0.33,0,0,0.22,0.33,2,2,1000,0
672,Noah Batchelor,G,MD,South,8,21,1.67,1.24,0.24,0.1,0.38,0.1,1.67,2.5,1000,0
673,Alex Germer,F,MTST,East,14,9,2.33,0.78,0,0,0,0,2.33,2.33,1000,0
674,Jakov Kukic,F,UC-SB,South,14,15,2.33,2.07,0.2,0.27,0.47,0.13,2.33,2.33,1000,0
675,Jamel King,F,WVA,South,9,8,1.5,0.63,0.25,0.13,0.25,0,1.5,2.25,1000,0
676,Sam Alamutu,G,VERM,East,15,23,2.39,2.17,0.48,0.61,0.96,0.09,2.39,2.39,1000,0
677,Isaiah Marin,G,TXSO,East,16,21,2.38,2.29,1.19,0.62,1.38,0.05,2.38,2.38,1000,0
678,Miles Stewart,F,HOW,West,16,20,2.2,2.25,0.15,0.25,0.4,0.35,2.2,2.2,1000,0
679,Ebenezer Dowuona,F,NCST,South,11,29,1.69,1.93,0.03,0.17,0.21,0.9,1.69,2.2,1000,0
680,Erik Pratt,G,TXAM,Midwest,7,9,1.44,0.11,0.22,0.11,0.11,0,1.44,2.31,1000,0
681,Logan Landers,F,GCU,West,14,13,2.15,1.46,0.46,0.08,0.38,0,2.15,2.15,1000,0
682,Julius Rollins,G,KENT-ST,Midwest,13,25,2.28,1.72,0.4,0.48,0.56,0.12,2.28,2.28,1000,0
683,Nate Santos,F,PITT,Midwest,11,28,1.64,1.29,0.25,0.29,0.29,0.07,1.64,2.14,1000,0
684,Martavious Russell,G,MISS-ST,Midwest,11,10,1.7,0.6,0.1,0.4,0.4,0.1,1.7,2.21,1000,0
685,Ike Cornish,G,MD,South,8,20,1.45,0.3,0,0.1,0.35,0,1.45,2.17,1000,0
686,Patrick Suemnick,F,WVA,South,9,20,1.35,1.15,0.15,0.1,0.25,0.2,1.35,2.03,1000,0
687,Perry Smith,F,VERM,East,15,25,2,1.8,0.32,0.16,0.6,0.16,2,2,1000,0
688,Koke Keat Tong,F,UC-SB,South,14,22,2,4.05,0.27,0.45,1.05,0.18,2,2,1000,0
689,Josh Mitchell,F,SE-MO,South,16,17,2,1.12,0.12,0.12,0.41,0.18,2,2,1000,0
690,Tre Holloman,G,MSU,East,7,31,1.32,0.87,0.9,0.16,0.35,0.1,1.32,2.12,1000,0
691,Trevon Blassingame,G,FDU,East,16,23,2.09,0.83,0.48,0.13,0.52,0.13,2.09,2.09,1000,0
692,Harrison Hornery,F,USC,East,10,23,1.39,1.04,0.17,0.22,0.17,0.22,1.39,1.95,1000,0
693,Eli King,G,ISU,Midwest,6,9,1.22,0.56,0.22,0,0.22,0,1.22,2.08,1000,0
694,Demarshay Johnson,F,SDSU,South,5,7,1.14,0.71,0.14,0,0.57,0.14,1.14,1.94,1000,0
695,Evan Eursher,G,SE-MO,South,16,23,2.04,0.91,0.22,0.39,0.35,0.04,2.04,2.04,1000,0
696,Amadou Sylla,F,UNC-ASH,West,15,22,1.91,2.45,0.18,0.23,0.59,0.23,1.91,1.91,1000,0
697,Daniel Foster,G,NEV,West,11,24,1.54,1.88,1.04,0.46,0.63,0.17,1.54,2,1000,0
698,Nicolas Louis-Jacques,G,COLG,Midwest,15,31,2,0.32,0.19,0.03,0.26,0.03,2,2,1000,0
699,Toibu Lawal,F,VCU,West,12,23,1.43,1.22,0.13,0.17,0.52,0.3,1.43,1.87,1000,0
700,Breon Pass,G,NCST,South,11,29,1.52,0.83,0.28,0.38,0.55,0.03,1.52,1.97,1000,0
701,Kobe Young,G,BSU,West,10,27,1.41,1.7,0.26,0.11,0.19,0.19,1.41,1.97,1000,0
702,Michael Jefferson,G,IONA,West,13,20,1.95,1.75,1,0.45,0.7,0.05,1.95,1.95,1000,0
703,AJ Casey,F,MIA,Midwest,5,26,1.04,1.15,0.19,0.04,0.12,0.23,1.04,1.77,1000,0
704,Jacob O'Connell,F,PRIN,South,15,17,1.76,1.18,0.47,0.18,0.24,0.12,1.76,1.76,1000,0
705,Jamel Horton,G,MISS-ST,Midwest,11,14,1.43,1,1.36,0.36,0.93,0.07,1.43,1.86,1000,0
706,Souleymane Doumbia,C,TCU,West,6,19,0.84,1,0.05,0.21,0.16,0.05,0.84,1.43,1000,0
707,Talin Lewis,G,HOW,West,16,12,1.83,0.5,0.25,0.08,0.58,0,1.83,1.83,1000,0
708,Elijah Saunders,F,SDSU,South,5,14,1,1.21,0.57,0.07,0.5,0.07,1,1.7,1000,0
709,Khalil Robinson,G,HOW,West,16,26,1.81,1,1.04,0.27,0.54,0,1.81,1.81,1000,0
710,Riley Mulvey,C,IOWA,Midwest,8,12,0.92,0.92,0.17,0.08,0.08,0.42,0.92,1.38,1000,0
711,Ronnie DeGray,F,MIZZ,South,7,17,2.06,1.76,0.24,0.47,0.24,0.41,1.03,1.65,1000,0
712,LJ Wells,F,NKU,Midwest,16,24,1.63,2.04,0.38,0.42,0.29,0.17,1.63,1.63,1000,0
713,Alex Capitano,G,COLG,Midwest,15,11,1.73,0.36,0.18,0,0,0,1.73,1.73,1000,0
714,Brandon Lieb,C,ILL,West,9,17,0.88,1,0.12,0,0.29,0.41,0.88,1.32,1000,0
715,Oziyah Sellers,G,USC,East,10,23,1.22,0.3,0.22,0.13,0.04,0.04,1.22,1.7,1000,0
716,Luca Colceag,F,MTST,East,14,9,1.56,1.33,0.11,0,0.22,0,1.56,1.56,1000,0
717,Isaiah Richards,F,LA,East,13,31,1.55,2,0.13,0.29,0.48,0.19,1.55,1.55,1000,0
718,Joe Anderson,G,FUR,South,13,19,1.63,0.58,1.63,0.47,0.42,0.05,1.63,1.63,1000,0
719,Brayden Reynolds,G,FDU,East,16,29,1.62,0.93,1,0.41,0.48,0.03,1.62,1.62,1000,0
720,Jorge Ochoa,F,VERM,East,15,10,1.5,0.5,0.1,0.1,0.3,0.1,1.5,1.5,1000,0
721,Russell Stong,G,UCLA,West,2,10,0.4,0.7,0,0,0,0,0.4,1.6,1000,0
722,Nick Gazelas,G,MTST,East,14,28,1.57,0.5,0.36,0.21,0.43,0,1.57,1.57,1000,0
723,Caelum Swanton-Rodger,C,MD,South,8,20,0.8,0.75,0,0,0.2,0.15,0.8,1.2,1000,0
724,Connor Kern,C,AMCC,South,16,15,1.2,1.47,0,0.13,0.27,0.33,1.2,1.2,1000,0
725,Cade Alger,F,SDSU,South,5,7,0.86,0.29,0,0,0,0,0.86,1.46,1000,0
726,Ose Okojie,G,HOW,West,16,27,1.56,1.15,0.44,0.44,0.63,0.04,1.56,1.56,1000,0
727,Silas Sunday,F,IONA,West,13,26,1.42,1.58,0.15,0.08,0.27,0.15,1.42,1.42,1000,0
728,Adam Comer,F,COFC,South,12,11,1.09,0.45,0,0.09,0.09,0,1.09,1.42,1000,0
729,Cam Amboree,G,ORAL,East,12,14,1.14,0.79,0.5,0.36,0.79,0,1.14,1.49,1000,0
730,Shaqir O'Neal,F,TXSO,East,16,20,1.35,0.9,0.65,0.15,0.55,0.15,1.35,1.35,1000,0
731,Favour Aire,C,MIA,Midwest,5,14,0.64,0.57,0,0.14,0.14,0.14,0.64,1.09,1000,0
732,Ayodele Taiwo,F,HOW,West,16,9,1.33,1.33,0.11,0,0.78,0.44,1.33,1.33,1000,0
733,Konrad Kiszka,G,PRIN,South,15,14,1.43,1,0.29,0.14,0.29,0,1.43,1.43,1000,0
734,Matja Belic,G,UC-SB,South,14,22,1.41,0.77,0.27,0.14,0.36,0.05,1.41,1.41,1000,0
735,Jameel Brown,G,PSU,Midwest,10,12,1,1.17,0.25,0.17,0.17,0.08,1,1.4,1000,0
736,Sami Osmani,G,CREI,South,6,11,0.82,0.73,0.36,0,0,0,0.82,1.39,1000,0
737,Evans Kipruto,F,UC-SB,South,14,18,1.28,0.83,0.11,0,0.22,0.28,1.28,1.28,1000,0
738,Burke Smith,F,BSU,West,10,10,0.9,1.1,0.1,0.1,0,0,0.9,1.26,1000,0
739,Grant Weitman,G,ARIZ,South,2,6,0.33,0.33,0,0,0.17,0,0.33,1.33,1000,0
740,Carter Kingsbury,G,IOWA,Midwest,8,8,0.88,0.75,0.5,0.13,0.13,0,0.88,1.31,1000,0
741,Kaleb Brown,G,MIZZ,South,7,11,0.82,0.36,0.45,0.55,0.73,0.09,0.82,1.31,1000,0
742,Tevin Gowins,G,SE-MO,South,16,17,1.29,0.82,0.24,0.29,0.65,0,1.29,1.29,1000,0
743,Akeem Odusipe,F,KENT-ST,Midwest,13,12,1.17,0.83,0,0.17,0.33,0.08,1.17,1.17,1000,0
744,Enoch Boakye,C,ASU,West,11,18,0.72,0.72,0.11,0.06,0.22,0.22,0.72,0.94,1000,0
745,Thomas Weaver,G,HOW,West,16,25,1.24,0.4,0.36,0.2,0.6,0,1.24,1.24,1000,0
746,Brenen Lorient,F,FLA-ATL,East,9,21,0.76,0.48,0.1,0.14,0.24,0.24,0.76,1.14,1000,0
747,Kale Catchings,F,DUKE,East,5,9,0.67,0.89,0.22,0.11,0.11,0.11,0.67,1.13,1000,0
748,Pier-Olivier Racine,F,FDU,East,16,8,1.13,0.88,0.5,0.25,0.38,0.13,1.13,1.13,1000,0
749,Daniel Rodriguez,F,FDU,East,16,9,1.11,0.33,0.22,0.33,0.44,0,1.11,1.11,1000,0
750,Szymon Zapala,C,UTAH-ST,South,10,11,0.64,0.55,0.09,0.09,0.27,0.18,0.64,0.89,1000,0
751,Charles Lampten,F,COFC,South,12,31,0.84,2,0.1,0.19,0.58,0.55,0.84,1.09,1000,0
752,Derrian Ford,G,ARK,West,8,18,0.78,0.5,0.39,0.06,0.22,0,0.78,1.17,1000,0
753,Jaden Quinerly,G,ALA,South,1,13,0.23,0.31,0.23,0.23,0.15,0,0.23,1.15,1000,0
754,Nate Awbrey,G,KSU,East,3,8,0.38,0,0.13,0,0.25,0,0.38,1.13,1000,0
755,Justin Rumph,G,MISS-ST,Midwest,11,7,0.86,0.14,0,0,0,0,0.86,1.11,1000,0
756,Chris Howell,G,SMC,West,5,26,0.65,0.42,0.12,0.23,0.27,0.08,0.65,1.11,1000,0
757,Gavin Perryman,G,TX,Midwest,2,11,0.27,0.45,0.18,0.27,0.18,0,0.27,1.09,1000,0
758,Vernon Collins,F,PRIN,South,15,6,1,1.5,0.5,0,0,0,1,1,1000,0
759,Isaiah Carr,F,GCU,West,14,8,1,2,0.13,0.38,0.38,1,1,1,1000,0
760,Brady Cummins,G,COLG,Midwest,15,14,1.07,0.36,0.07,0.14,0.14,0,1.07,1.07,1000,0
761,Parker Weiss,G,IONA,West,13,29,1.07,0.45,0.21,0.31,0.17,0.03,1.07,1.07,1000,0
762,Ben Sternberg,G,MIZZ,South,7,9,0.67,0.11,0.11,0,0.11,0,0.67,1.07,1000,0
763,Evan Young,G,CREI,South,6,8,0.63,0,0.25,0,0,0,0.63,1.06,1000,0
764,Yves Nkomba,C,KENN,Midwest,14,9,0.78,0.67,0.11,0.11,0.22,0.33,0.78,0.78,1000,0
765,Jonah Lucas,G,MARQ,East,2,8,0.25,0.5,0.13,0,0,0,0.25,1,1000,0
766,Bryceson Burns,G,DRAKE,Midwest,12,13,0.77,0.23,0.23,0.08,0.23,0.15,0.77,1,1000,0
767,Jake Shannon,G,ORAL,East,12,14,0.71,1,0.14,0.14,0,0.07,0.71,0.93,1000,0
768,Apostolos Roumoglou,G,CONN,West,4,14,0.29,0.36,0.07,0.07,0.14,0,0.29,0.86,1000,0
769,Frankie Idlett,G,COFC,South,12,8,0.63,0.25,0.25,0,0,0,0.63,0.81,1000,0
770,Jaren Marshall,G,AMCC,South,16,14,0.79,0.21,0.57,0.29,0.14,0,0.79,0.79,1000,0
771,Alejandro Ralat,G,FLA-ATL,East,9,14,0.5,0.07,0.36,0.07,0.07,0,0.5,0.75,1000,0
772,Philip Byriel,F,PRIN,South,15,9,0.67,0.56,0.56,0,0.22,0.11,0.67,0.67,1000,0
773,Jason Whitens,G,MSU,East,7,18,0.44,0.56,0.11,0.17,0.11,0,0.44,0.71,1000,0
774,Spencer Legg,F,COFC,South,12,10,0.5,0.1,0,0.1,0.1,0,0.5,0.65,1000,0
775,Jake Evans,G,NKU,Midwest,16,17,0.71,0.24,0.71,0.29,0.06,0,0.71,0.71,1000,0
776,James Carey,G,IONA,West,13,10,0.7,0.4,0.2,0,0.4,0,0.7,0.7,1000,0
777,Keither Florence,F,IONA,West,13,11,0.64,0.73,0.36,0.09,0.36,0.09,0.64,0.64,1000,0
778,Andrew Hurley,G,CONN,West,4,9,0.22,0.11,0,0.11,0.11,0,0.22,0.67,1000,0
779,Christian Fermin,F,VCU,West,12,13,0.46,0.77,0,0.15,0.23,0.08,0.46,0.6,1000,0
780,Jack Miller,G,COFC,South,12,12,0.5,0.08,0.17,0,0.17,0,0.5,0.65,1000,0
781,Freedom Rhames,G,HOW,West,16,17,0.65,0.53,0.29,0.12,0.41,0,0.65,0.65,1000,0
782,Michel Ndayishimiye,G,VERM,East,15,14,0.64,0.07,0,0.29,0.36,0,0.64,0.64,1000,0
783,Jared Barnett,G,SDSU,South,5,8,0.38,0.38,0.38,0.13,0.5,0,0.38,0.64,1000,0
784,Lawson Blake,F,ARK,West,8,8,0.38,0.5,0,0,0.13,0,0.38,0.56,1000,0
785,Iaroslav Niagu,F,USC,East,10,16,0.38,0.75,0.06,0.19,0.25,0.19,0.38,0.53,1000,0
786,Aidan Fisch,F,PITT,Midwest,11,10,0.4,0.3,0,0,0.2,0,0.4,0.52,1000,0
787,Jakai Robinson,G,MIA,Midwest,5,6,0.33,0,0.17,0,0.17,0.17,0.33,0.57,1000,0
788,Darius Ford,G,TCU,West,6,6,0.33,0.33,0,0,0,0,0.33,0.57,1000,0
789,Tyler Lundblade,G,TCU,West,6,9,0.33,0.33,0.22,0,0,0,0.33,0.57,1000,0
790,Cade Arbogast,G,ARK,West,8,8,0.38,0.13,0,0,0,0,0.38,0.56,1000,0
791,Logan Cremonesi,F,UCLA,West,2,8,0.13,0,0.13,0,0.25,0,0.13,0.5,1000,0
792,Jordan Snell,G,NCST,South,11,10,0.4,0.2,0,0,0.1,0.1,0.4,0.52,1000,0
793,Jordan Turner,G,BAY,South,3,6,0.17,0.83,0,0,0.17,0,0.17,0.5,1000,0
794,KJ Marshall,G,PITT,Midwest,11,11,0.36,0.18,0,0,0,0,0.36,0.47,1000,0
795,Leyi Adebayo,F,PRIN,South,15,6,0.33,0.33,0,0.33,0.17,0,0.33,0.33,1000,0
796,Isaiah Mason,G,NKU,Midwest,16,11,0.36,0.64,0,0.09,0.18,0,0.36,0.36,1000,0
797,Chase Graham,G,NCST,South,11,11,0.27,0.27,0,0.18,0.27,0.09,0.27,0.35,1000,0
798,Charles Stone,G,KENN,Midwest,14,6,0.33,0.33,0,0.17,0.17,0,0.33,0.33,1000,0
799,Matt Brown,G,KENN,Midwest,14,6,0.33,0.83,0,0,0.17,0,0.33,0.33,1000,0
800,Alphonzo Billups,G,VCU,West,12,8,0.25,0.5,0,0,0.63,0,0.25,0.33,1000,0
801,Dylan Ritter,G,COFC,South,12,12,0.25,0.17,0.25,0,0,0,0.25,0.33,1000,0
802,Anthony Leal,G,IND,Midwest,4,10,0.2,0.2,0.1,0.1,0.1,0,0.1,0.3,1000,0
803,Paxton Warden,G,ILL,West,9,10,0.2,0,0,0,0.2,0.1,0.2,0.3,1000,0
804,Davis Smith,G,MSU,East,7,11,0.18,0.18,0,0,0.09,0,0.18,0.29,1000,0
805,Mabor Majak,C,MIZZ,South,7,8,0.13,0.38,0,0,0.25,0.13,0.13,0.2,1000,0
806,Connor Serven,F,ILL,West,9,6,0.17,0.67,0,0.17,0.33,0,0.17,0.25,1000,0
807,Roy Dixon,G,NW,West,7,12,0.17,0.25,0.08,0.08,0.25,0,0.17,0.27,1000,0
808,Gage Gomez,G,UC-SB,South,14,9,0.22,0.22,0.22,0,0.11,0,0.22,0.22,1000,0
809,Micah Burno,G,ASU,West,11,6,0.17,0.33,0.17,0,0.5,0,0.17,0.22,1000,0
810,Conrad Hawley,G,ISU,Midwest,6,9,0.11,0.78,0,0,0,0,0.11,0.19,1000,0
811,Eric Holland,G,KENN,Midwest,14,6,0.17,0.67,0.17,0.17,0.17,0,0.17,0.17,1000,0
812,John Olmsted,F,ASU,West,11,9,0.11,0.33,0,0,0,0.11,0.11,0.14,1000,0
813,Rett Lister,G,FUR,South,13,13,0.15,0.08,0.08,0,0.23,0,0.15,0.15,1000,0
814,Barry Dunning,G,ARK,West,8,15,0.07,0.13,0.07,0.13,0.13,0,0.07,0.1,1000,0
815,Max Johns,G,DUKE,East,5,8,0,0.38,0.25,0.25,0.25,0,0,0,1000,0
816,Stanley Borden,C,DUKE,East,5,1,0,1,0,0,0,0,0,0,1000,0
817,Spencer Hubbard,G,DUKE,East,5,3,0,0.33,0,0.33,0.67,0,0,0,1000,0
818,Isaiah Miranda,F,NCST,South,11,0,0,0,0,0,0,0,0,0,1000,0
819,KJ Keatts,G,NCST,South,11,9,0,0.11,0,0,0.33,0,0,0,1000,0
820,Alex Nunnally,G,NCST,South,11,10,0,0.2,0,0,0,0,0,0,1000,0
821,Josiah Davis,G,WVA,South,9,6,0.83,0.33,0.17,0,0.33,0,0,0,1000,0
822,Mohamed Wague,F,WVA,South,9,28,4.14,3.07,0.25,0.43,0.71,0.54,0,0,1000,0
823,Jose Perez,G,WVA,South,9,0,0,0,0,0,0,0,0,0,1000,0
824,Tristan How,F,UVA,South,4,4,0.75,1.75,0,0,0,0,0,0,1000,0
825,Leon Bond,G,UVA,South,4,0,0,0,0,0,0,0,0,0,1000,0
826,Dante Harris,G,UVA,South,4,0,0,0,0,0,0,0,0,0,1000,0
827,Isaac Traudt,F,UVA,South,4,0,0,0,0,0,0,0,0,0,1000,0
828,Ben Vander Plas,F,UVA,South,4,29,7.41,4.62,1.41,0.83,0.69,0.38,0,0,1000,0
829,Zach Brooker,G,USC,East,10,2,0,0,0,0,0,0,0,0,1000,0
830,Evan Manjikian,F,UCLA,West,2,2,1.5,0.5,0,0,0,0,0,0,1000,0
831,Jack Seidler,G,UCLA,West,2,0,0,0,0,0,0,0,0,0,1000,0
832,Jaylen Clark,G,UCLA,West,2,31,12.55,5.84,1.81,2.52,1.19,0.26,0,0,1000,0
833,Dan Conlan,G,PSU,Midwest,10,5,0,0.2,0,0.2,0,0,0,0,1000,0
834,Demetrius Lilley,F,PSU,Midwest,10,4,1,0.5,0,0,0.5,0.25,0,0,1000,0
835,Ishaan Jagiasi,G,PSU,Midwest,10,2,0,0,0.5,0,0,0,0,0,1000,0
836,Andy Christos,G,PSU,Midwest,10,2,0,0,0,0,0,0,0,0,1000,0
837,Caleb Dorsey,F,PSU,Midwest,10,17,2.18,2.06,0.41,0.35,0.47,0.18,0,0,1000,0
838,Rowan Brumbaugh,G,TX,Midwest,2,0,0,0,0,0,0,0,0,0,1000,0
839,Preston Clark,F,TX,Midwest,2,0,0,0,0,0,0,0,0,0,1000,0
840,Ethan Henderson,F,TXAM,Midwest,7,0,0,0,0,0,0,0,0,0,1000,0
841,Jordan Williams,G,TXAM,Midwest,7,0,0,0,0,0,0,0,0,0,1000,0
842,Jaelyn Lee,G,TXAM,Midwest,7,0,0,0,0,0,0,0,0,0,1000,0
843,Ashton Smith,F,TXAM,Midwest,7,0,0,0,0,0,0,0,0,0,1000,0
844,Davin Watkins,G,TXAM,Midwest,7,2,0.5,0,0,0.5,0,0,0,0,1000,0
845,Brett Karkus,G,MD,South,8,3,0,0,0,0,0,0,0,0,1000,0
846,Pavlo Dziuba,F,MD,South,8,6,0,0.17,0,0,0.17,0,0,0,1000,0
847,RJ Floyd,G,MD,South,8,0,0,0,0,0,0,0,0,0,1000,0
848,Carson Dick,G,MD,South,8,3,0,0,0,0,0,0,0,0,1000,0
849,Arnaud Revaz,F,MD,South,8,6,0,0.5,0,0,0,0,0,0,1000,0
850,Dillon Wilhite,F,KANS,West,1,5,0,0.2,0,0,0.2,0,0,0,1000,0
851,Kyle Cuffe,G,KANS,West,1,2,0,0.5,0,0,0,0,0,0,1000,0
852,Cam Martin,F,KANS,West,1,4,1.75,0.5,0,0,0,0,0,0,1000,0
853,Charlie McCarthy,G,KANS,West,1,0,0,0,0,0,0,0,0,0,1000,0
854,Wilder Evers,G,KANS,West,1,1,0,0,0,0,0,0,0,0,1000,0
855,Taj Manning,F,KSU,East,3,0,0,0,0,0,0,0,0,0,1000,0
856,Jerrell Colbert,C,KSU,East,3,0,0,0,0,0,0,0,0,0,1000,0
857,Peyton Ackerman,G,KSU,East,3,0,0,0,0,0,0,0,0,0,1000,0
858,Anthony Thomas,G,KSU,East,3,0,0,0,0,0,0,0,0,0,1000,0
859,Steven Izzo,G,MSU,East,7,7,0,0.29,0,0,0,0,0,0,1000,0
860,Nick Sanders,G,MSU,East,7,6,0,0,0,0,0,0,0,0,1000,0
861,Conor Glennon,G,MEMP,East,8,1,0,0,2,0,1,0,0,0,1000,0
862,Ian Granja,F,MEMP,East,8,5,0.6,0,0.2,0.2,0.4,0.2,0,0,1000,0
863,Jahmar Young,F,MEMP,East,8,0,0,0,0,0,0,0,0,0,1000,0
864,Tadarius Jacobs,G,MEMP,East,8,0,0,0,0,0,0,0,0,0,1000,0
865,Keonte Kennedy,G,MEMP,East,8,25,9.24,2.6,0.8,1.16,1.04,0.12,0,0,1000,0
866,James DeJesus,G,MEMP,East,8,0,0,0,0,0,0,0,0,0,1000,0
867,Luc Krystkowiak,G,ARIZ,South,2,2,2,0,1,0,0,0,0,0,1000,0
868,Ben Ackerley,G,ARIZ,South,2,4,0,0.25,0,0,0,0,0,0,1000,0
869,Luke Champion,F,ARIZ,South,2,0,0,0,0,0,0,0,0,0,1000,0
870,Tautvilas Tubelis,F,ARIZ,South,2,5,0,0.2,0,0,0,0,0,0,1000,0
871,Will Menaugh,F,ARIZ,South,2,3,1.33,0.67,0,0,0,0.33,0,0,1000,0
872,Cade Ronzone,G,ASU,West,11,2,0.5,0,0,0,0,0,0,0,1000,0
873,Jordan Williams,G,ASU,West,11,2,0,0,0.5,0,0,0,0,0,1000,0
874,Austin Ronzone,G,ASU,West,11,1,0,0,0,0,1,0,0,0,1000,0
875,Marcus Bagley,F,ASU,West,11,2,12.5,4,1.5,0,2.5,0.5,0,0,1000,0
876,Malcolm Flaggs,G,ASU,West,11,0,0,0,0,0,0,0,0,0,1000,0
877,Bobby Hurley,G,ASU,West,11,5,0.6,0.2,0,0,0.2,0,0,0,1000,0
878,Kidd Brizek,G,TENN,East,4,0,0,0,0,0,0,0,0,0,1000,0
879,Isaiah Sulack,G,TENN,East,4,3,1,0.33,0.33,0,0.33,0,0,0,1000,0
880,Alec Kegler,F,TENN,East,4,2,0,0,0,0,0,0,0,0,1000,0
881,Evan Shiflet,G,TENN,East,4,0,0,0,0,0,0,0,0,0,1000,0
882,Freddie Dilione,G,TENN,East,4,0,0,0,0,0,0,0,0,0,1000,0
883,Colin Coyne,F,TENN,East,4,4,0.5,0.25,0,0,0,0.5,0,0,1000,0
884,D.J. Jefferson,G,TENN,East,4,0,0,0,0,0,0,0,0,0,1000,0
885,Zakai Zeigler,G,TENN,East,4,30,10.7,2.73,5.37,1.97,2.27,0.2,0,0,1000,0
886,Kent Gilbert,G,TENN,East,4,6,0,0.5,0.17,0.17,0.33,0,0,0,1000,0
887,Isaac Stansbury,G,MISS-ST,Midwest,11,8,0,0,0.13,0,0.13,0,0,0,1000,0
888,Tyler Brumfield,G,MISS-ST,Midwest,11,0,0,0,0,0,0,0,0,0,1000,0
889,Filippos Gkogkos,G,MIA,Midwest,5,1,0,0,0,0,0,0,0,0,1000,0
890,Thomas Oosterbroek,F,MIA,Midwest,5,0,0,0,0,0,0,0,0,0,1000,0
891,Danilo Jovanovich,F,MIA,Midwest,5,1,0,0,0,0,0,0,0,0,1000,0
892,Jackson Francois,G,MIZZ,South,7,8,0,0,0,0.13,0,0,0,0,1000,0
893,Jeremiah Williams,G,ISU,Midwest,6,0,0,0,0,0,0,0,0,0,1000,0
894,Dante Eldridge,G,IOWA,Midwest,8,3,0.67,0.33,0.67,0,0,0,0,0,1000,0
895,Luc Laketa,G,IOWA,Midwest,8,4,1,1,0,0,0,0,0,0,1000,0
896,Amarion Nimmers,G,IOWA,Midwest,8,0,0,0,0,0,0,0,0,0,1000,0
897,Jake Younkin,G,BAY,South,3,8,0,0,0,0,0,0,0,0,1000,0
898,Austin Sacks,F,BAY,South,3,0,0,0,0,0,0,0,0,0,1000,0
899,Dantwan Grimes,G,BAY,South,3,0,0,0,0,0,0,0,0,0,1000,0
900,Yarin Hasson,F,CONN,West,4,7,0,0.14,0,0,0,0.14,0,0,1000,0
901,Andre Johnson,G,CONN,West,4,7,0,0,0,0,0,0,0,0,1000,0
902,Emmett Hendry,G,CONN,West,4,7,0,0,0,0,0,0,0,0,1000,0
903,John Hugley,F,PITT,Midwest,11,8,8,3.63,0.75,0.38,2,0.75,0,0,1000,0
904,Dior Johnson,G,PITT,Midwest,11,0,0,0,0,0,0,0,0,0,1000,0
905,Vason Stevenson,F,PITT,Midwest,11,0,0,0,0,0,0,0,0,0,1000,0
906,William Jeffress,G,PITT,Midwest,11,0,0,0,0,0,0,0,0,0,1000,0
907,Hogan Orbaugh,F,IND,Midwest,4,1,0,0,0,0,0,0,0,0,1000,0
908,Michael Shipp,G,IND,Midwest,4,3,0,0,0,0,0,0,0,0,1000,0
909,Nathan Childress,F,IND,Midwest,4,5,0,0.2,0.2,0.2,0,0,0,0,1000,0
910,Logan Duncomb,C,IND,Midwest,4,9,2.89,1.67,0.22,0.11,0.33,0.56,0,0,1000,0
911,Xavier Johnson,G,IND,Midwest,4,11,9.91,3.27,4.91,1.18,2.82,0,0,0,1000,0
912,Shaan Burke,G,IND,Midwest,4,1,0,0,0,0,0,0,0,0,1000,0
913,A.J. Redd,G,ILL,West,9,4,0,0,0,0,0,0,0,0,1000,0
914,Niccolo Moretti,G,ILL,West,9,0,0,0,0,0,0,0,0,0,1000,0
915,Zacharie Perrin,F,ILL,West,9,1,0,0,0,0,0,0,0,0,1000,0
916,Luke Hunger,F,NW,West,7,6,2.67,1.33,0.17,0,0.17,0,0,0,1000,0
917,Gus Hurlburt,F,NW,West,7,0,0,0,0,0,0,0,0,0,1000,0
918,Julian Roper,G,NW,West,7,16,4.13,3.44,1,0.69,0.69,0.25,0,0,1000,0
919,Blake Smith,G,NW,West,7,3,0.67,0.33,0,0,0,0,0,0,1000,0
920,Davin Cosby,G,ALA,South,1,0,0,0,0,0,0,0,0,0,1000,0
921,Max Scharnowski,F,ALA,South,1,3,0,0.67,0,0,0,0,0,0,1000,0
922,Kai Spears,G,ALA,South,1,0,0,0,0,0,0,0,0,0,1000,0
923,Trevon Brazile,F,ARK,West,8,9,11.78,6,1,1,2.22,1.22,0,0,1000,0
924,Presley Patterson,G,AUB,Midwest,9,0,0,0,0,0,0,0,0,0,1000,0
925,Chance Westry,G,AUB,Midwest,9,11,2.45,0.73,1,0.73,0.82,0.18,0,0,1000,0
926,Babatunde Akingbola,C,AUB,Midwest,9,4,0.25,0.5,0,0.25,0,0.25,0,0,1000,0
927,Haston Alexander,C,AUB,Midwest,9,0,0,0,0,0,0,0,0,0,1000,0
928,Carter Sobera,G,AUB,Midwest,9,3,0,0,0,0,0,0,0,0,1000,0
929,Chandler Leopard,G,AUB,Midwest,9,6,0,0.17,0,0,0,0,0,0,1000,0
930,Jalen Harper,G,AUB,Midwest,9,2,0,0,0,0,0,0,0,0,1000,0
931,Brennan Canada,G,KY,East,6,5,0.6,0.2,0,0,0,0,0,0,1000,0
932,Walker Horn,G,KY,East,6,4,0,0.25,0.25,0,1,0,0,0,1000,0
933,Kareem Watkins,G,KY,East,6,4,0,0,0.25,0,0.25,0,0,0,1000,0
934,Grant Darbyshire,G,KY,East,6,0,0,0,0,0,0,0,0,0,1000,0
935,Tyler Broughton,G,SDSU,South,5,6,0,0.17,0,0.17,0.33,0,0,0,1000,0
936,Cam Lawin,G,SDSU,South,5,0,0,0,0,0,0,0,0,0,1000,0
937,Miles Byrd,G,SDSU,South,5,4,4.25,0.5,1.5,0.5,1,0,0,0,1000,0
938,Triston Broughton,G,SDSU,South,5,4,0,0,0,0,0,0,0,0,1000,0
939,Kade Rice,G,BSU,West,10,0,0,0,0,0,0,0,0,0,1000,0
940,Vince Barringer,G,BSU,West,10,0,0,0,0,0,0,0,0,0,1000,0
941,Sam Winter,G,BSU,West,10,3,0,0,0.33,0,0,0,0,0,1000,0
942,RJ Keene,G,BSU,West,10,0,0,0,0,0,0,0,0,0,1000,0
943,Snookey Wigington,G,NEV,West,11,3,0.67,0.33,0,0,0,0,0,0,1000,0
944,Hunter McIntosh,G,NEV,West,11,5,1.2,0.6,1.4,0,0.4,0,0,0,1000,0
945,John Flannigan,F,NEV,West,11,4,0,0.25,0.25,0,0.25,0,0,0,1000,0
946,Michael Folarin,C,NEV,West,11,0,0,0,0,0,0,0,0,0,1000,0
947,K.J. Hymes,F,NEV,West,11,4,9,4.5,0.5,0.25,0.5,3,0,0,1000,0
948,Isaac Johnson,C,UTAH-ST,South,10,0,0,0,0,0,0,0,0,0,1000,0
949,Cade Potter,F,UTAH-ST,South,10,0,0,0,0,0,0,0,0,0,1000,0
950,Landon Brenchley,G,UTAH-ST,South,10,6,0,0.83,0.33,0,0,0,0,0,1000,0
951,Connor Odom,G,UTAH-ST,South,10,4,0,0,0,0,0,0,0,0,1000,0
952,Mason Falslev,G,UTAH-ST,South,10,0,0,0,0,0,0,0,0,0,1000,0
953,Rylan Jones,G,UTAH-ST,South,10,13,4.23,1.31,3.31,0.77,1.23,0.08,0,0,1000,0
954,Conner Gillis,G,UTAH-ST,South,10,6,0,0,0,0,0.17,0.17,0,0,1000,0
955,Michael Niemann,G,TCU,West,6,0,0,0,0,0,0,0,0,0,1000,0
956,Zach Gonsoulin,G,TCU,West,6,6,0,0.17,0,0,0.17,0,0,0,1000,0
957,Trey Stuart,G,TCU,West,6,6,0,0.33,0,0,0,0,0,0,1000,0
958,Cole Despie,G,TCU,West,6,5,0.6,0,0,0,0,0,0,0,1000,0
959,Eddie Lampkin,C,TCU,West,6,24,6.33,5.88,1.21,0.63,1.54,0.5,0,0,1000,0
960,Bradley Colbert,G,XAV,Midwest,3,4,0,0,0,0,0,0,0,0,1000,0
961,Bob Nunge,G,XAV,Midwest,3,4,0,0.25,0,0,0.25,0,0,0,1000,0
962,Zach Freemantle,F,XAV,Midwest,3,22,15.23,8.14,2.91,0.86,2.59,0.68,0,0,1000,0
963,Ian Sabourin,F,XAV,Midwest,3,2,0,0,0,0,0,0,0,0,1000,0
964,KyKy Tandy,G,XAV,Midwest,3,22,2.18,0.77,0.91,0.5,0.45,0.14,0,0,1000,0
965,Michael Wolf,G,XAV,Midwest,3,3,0,0.33,0,0,0,0,0,0,1000,0
966,Cameron Brown,G,MARQ,East,2,0,0,0,0,0,0,0,0,0,1000,0
967,Michael Kennedy,F,MARQ,East,2,10,0,0.3,0,0,0.1,0,0,0,1000,0
968,RJ Walson,G,MARQ,East,2,9,0,0,0,0,0.11,0,0,0,1000,0
969,Zach Wrightsil,F,MARQ,East,2,3,1.33,1.67,0.67,0.33,1.33,0,0,0,1000,0
970,Caleb Kozinski,G,MARQ,East,2,5,0,0,0,0,0.2,0,0,0,1000,0
971,Emarion Ellis,G,MARQ,East,2,1,0,0,0,0,0,0,0,0,1000,0
972,Jake Ciardo,G,MARQ,East,2,5,0,0,0,0,0,0,0,0,1000,0
973,Quante Berry,G,PROV,East,11,0,0,0,0,0,0,0,0,0,1000,0
974,Luke Fonts,G,PROV,East,11,4,0,0,0.25,0,0,0,0,0,1000,0
975,Kieran O'Haire,F,PROV,East,11,5,0,0.4,0.2,0.2,0,0,0,0,1000,0
976,Scott Morozov,F,PROV,East,11,0,0,0,0,0,0,0,0,0,1000,0
977,Ramon Walker,G,HOU,Midwest,1,10,2.9,2.5,0.4,0.2,0.6,0,0,0,1000,0
978,Cedric Lath,C,HOU,Midwest,1,0,0,0,0,0,0,0,0,0,1000,0
979,Mylik Wilson,G,HOU,Midwest,1,0,0,0,0,0,0,0,0,0,1000,0
980,Darius Bowser,C,HOU,Midwest,1,6,0,0.33,0,0,0,0,0,0,1000,0
981,Joe Few,G,GONZ,West,3,0,0,0,0,0,0,0,0,0,1000,0
982,Abe Eagle,F,GONZ,West,3,5,0.8,0.2,0.2,0,0,0,0,0,1000,0
983,Kaden Perry,F,GONZ,West,3,0,0,0,0,0,0,0,0,0,1000,0
984,Braden Huff,F,GONZ,West,3,0,0,0,0,0,0,0,0,0,1000,0
985,Kellen Mitchell,G,GONZ,West,3,0,0,0,0,0,0,0,0,0,1000,0
986,Rory Hawke,G,SMC,West,5,0,0,0,0,0,0,0,0,0,1000,0
987,Mason Forbes,F,SMC,West,5,0,0,0,0,0,0,0,0,0,1000,0
988,Matt Van Komen,C,SMC,West,5,0,0,0,0,0,0,0,0,0,1000,0
989,Cade Bennett,G,SMC,West,5,0,0,0,0,0,0,0,0,0,1000,0
990,Leemet Bockler,G,SMC,West,5,0,0,0,0,0,0,0,0,0,1000,0
991,Kevin Gad,F,SMC,West,5,0,0,0,0,0,0,0,0,0,1000,0
992,Deven Austin,G,PRIN,South,15,22,5.41,2.55,0.55,0.64,1.05,0.5,0,0,1000,0
993,Mason Hooks,F,PRIN,South,15,0,0,0,0,0,0,0,0,0,1000,0
994,Darius Gakwasi,G,PRIN,South,15,0,0,0,0,0,0,0,0,0,1000,0
995,Carson Barrett,G,PURD,East,1,5,1.2,0.6,0.4,0,0.4,0,0,0,1000,0
996,Will Berg,C,PURD,East,1,0,0,0,0,0,0,0,0,0,1000,0
997,Matt Frost,F,PURD,East,1,0,0,0,0,0,0,0,0,0,1000,0
998,Camden Heide,F,PURD,East,1,0,0,0,0,0,0,0,0,0,1000,0
999,Chase Martin,G,PURD,East,1,4,0.5,0.5,0.25,0,0.25,0,0,0,1000,0
1000,Sam King,F,PURD,East,1,4,0,0.25,0,0,0.25,0,0,0,1000,0
1001,London Maiden,C,KENT-ST,Midwest,13,0,0,0,0,0,0,0,0,0,1000,0
1002,Mike Bekelja,G,KENT-ST,Midwest,13,0,0,0,0,0,0,0,0,0,1000,0
1003,Brenden Moss,G,KENT-ST,Midwest,13,0,0,0,0,0,0,0,0,0,1000,0
1004,Robert Carpenter,F,KENT-ST,Midwest,13,0,0,0,0,0,0,0,0,0,1000,0
1005,Magnus Entenmann,F,KENT-ST,Midwest,13,0,0,0,0,0,0,0,0,0,1000,0
1006,Duncan Demuth,F,VERM,East,15,0,0,0,0,0,0,0,0,0,1000,0
1007,Jackson Skipper,F,VERM,East,15,0,0,0,0,0,0,0,0,0,1000,0
1008,Stephen Boateng,G,IONA,West,13,1,2,2,0,0,0,0,0,0,1000,0
1009,Quinn Slazinski,F,IONA,West,13,7,11.29,5.71,1.86,0.57,1.71,0.29,0,0,1000,0
1010,Pearson Parker,G,COLG,Midwest,15,0,0,0,0,0,0,0,0,0,1000,0
1011,Malcolm Bailey,F,COLG,Midwest,15,1,4,9,3,1,0,1,0,0,1000,0
1012,Devin Davis,G,CREI,South,6,0,0,0,0,0,0,0,0,0,1000,0
1013,Jasen Green,F,CREI,South,6,0,0,0,0,0,0,0,0,0,1000,0
1014,John Christofilis,G,CREI,South,6,0,0,0,0,0,0,0,0,0,1000,0
1015,Andrew Alia,G,DRAKE,Midwest,12,0,0,0,0,0,0,0,0,0,1000,0
1016,Issa Samake,F,DRAKE,Midwest,12,1,8,7,2,2,1,2,0,0,1000,0
1017,Brashon Hall,G,DRAKE,Midwest,12,0,0,0,0,0,0,0,0,0,1000,0
1018,Jarren McAllister,G,VCU,West,12,0,0,0,0,0,0,0,0,0,1000,0
1019,Arnold Henderson,G,VCU,West,12,3,0.33,0,0.33,0,0,0,0,0,1000,0
1020,Obinnaya Okafor,F,VCU,West,12,0,0,0,0,0,0,0,0,0,1000,0
1021,Kerwin Prince,F,FDU,East,16,0,0,0,0,0,0,0,0,0,1000,0
1022,Brandon Upshaw,G,FDU,East,16,2,1.5,0,1,0,1,0,0,0,1000,0
1023,Carter Ash,G,MTST,East,14,5,1.8,0.8,0.4,0,0,0,0,0,1000,0
1024,Jack Johnson,G,FLA-ATL,East,9,1,0,0,0,0,0,0,0,0,1000,0
1025,Leo Beath,F,FLA-ATL,East,9,0,0,0,0,0,0,0,0,0,1000,0
1026,Isaiah Crawford,G,LA,East,13,0,0,0,0,0,0,0,0,0,1000,0
1027,Vinny Sigona,G,LA,East,13,5,2.8,0.2,0.4,0,0.2,0,0,0,1000,0
1028,Kyran Ratliff,F,LA,East,13,0,0,0,0,0,0,0,0,0,1000,0
1029,Calen Holiday,G,TXSO,East,16,2,0,0.5,0,0,0,0,0,0,1000,0
1030,Henry Hartwell,G,UC-SB,South,14,2,0,0.5,0,0,0.5,0,0,0,1000,0
1031,David Pickles,F,UC-SB,South,14,3,1,0.33,0,0,0,0,0,0,1000,0
1032,Max Sheldon,G,UC-SB,South,14,3,0,0,0,0,0,0,0,0,1000,0
1033,Ariel Bland,F,UC-SB,South,14,2,0,1.5,0,0,1,0,0,0,1000,0
1034,Zach Harvey,G,UC-SB,South,14,5,2.2,0.6,0,0,0.6,0,0,0,1000,0
1035,Khalil London,G,COFC,South,12,0,0,0,0,0,0,0,0,0,1000,0
1036,Jordan Crawford,G,COFC,South,12,0,0,0,0,0,0,0,0,0,1000,0
1037,Evan Kilminster,G,COFC,South,12,0,0,0,0,0,0,0,0,0,1000,0
1038,Elijah Lawrence,G,ORAL,East,12,0,0,0,0,0,0,0,0,0,1000,0
1039,Sir Issac Herron,F,ORAL,East,12,1,0,1,0,0,1,0,0,0,1000,0
1040,Aaron Harden,F,AMCC,South,16,1,0,0,0,0,1,0,0,0,1000,0
1041,Stephen Giwa,C,AMCC,South,16,0,0,0,0,0,0,0,0,0,1000,0
1042,Ian Clinkscales-King,F,UNC-ASH,West,15,2,1,0.5,0,0,0,0,0,0,1000,0
1043,Davion Cunningham,G,UNC-ASH,West,15,1,3,4,0,0,3,0,0,0,1000,0
1044,Zaharee Maddox,G,UNC-ASH,West,15,4,1,0,0,0.75,0.5,0,0,0,1000,0
1045,Justin Stephens,G,UNC-ASH,West,15,4,0.75,1,0.75,0.25,0.5,0,0,0,1000,0
1046,Cole Sherman,G,NKU,Midwest,16,2,0,0,0,0,0,0,0,0,1000,0
1047,Noah Hupmann,C,NKU,Midwest,16,3,0.33,1,0,0,0.67,0,0,0,1000,0
1048,Cesar Tchilombo,F,NKU,Midwest,16,0,0,0,0,0,0,0,0,0,1000,0
1049,Mitchel Minor,G,NKU,Midwest,16,2,0,0,0,0,0,0,0,0,1000,0
1050,Jovan Blacksher,G,GCU,West,14,12,10.67,2.33,2.42,1.5,1.5,0.25,0,0,1000,0
1051,Derrick Michael Xzavierro,F,GCU,West,14,0,0,0,0,0,0,0,0,0,1000,0
1052,Gavyn Elkamil,G,SE-MO,South,16,0,0,0,0,0,0,0,0,0,1000,0
1053,David Idada,C,SE-MO,South,16,0,0,0,0,0,0,0,0,0,1000,0
1054,Davis Molnar,F,FUR,South,13,0,0,0,0,0,0,0,0,0,1000,0
1055,Blake Harris,G,FUR,South,13,4,0,0,0,0.25,0,0,0,0,1000,0
1056,James Repass,F,FUR,South,13,0,0,0,0,0,0,0,0,0,1000,0
1057,Jonny Lawrence,F,FUR,South,13,5,1.4,0.4,0,0.2,0,0.2,0,0,1000,0
1058,Armani Harris,F,KENN,Midwest,14,5,0.8,0.6,0,0.2,0,0,0,0,1000,0
1059,Ahmad Johnson,G,KENN,Midwest,14,5,2.8,1,0.2,0.2,0.4,0,0,0,1000,0